Timestamp,Anomaly_Score,Log_Likelihood,Probability_Density,Cluster,Assigned_Cluster_Probability,Metric,Scaled_Deviation,Original_Value
2025-06-25 15:19:00,-16.142165353094363,16.1422,1.0244e+07,0,1.0,/dev/sda3_/_xfs_node_filesystem_free_bytes,37.5376,37949083648.0
2025-06-25 15:19:00,-16.142165353094363,16.1422,1.0244e+07,0,1.0,node_load1,1.9738,7.7
2025-06-25 15:19:00,-16.142165353094363,16.1422,1.0244e+07,0,1.0,/dev/sda5_/var_xfs_node_filesystem_free_bytes,1.7406,2897376444416.0
2025-06-25 15:19:00,-16.142165353094363,16.1422,1.0244e+07,0,1.0,node_network_transmit_bytes_total,1.2915,416555963059.0
2025-06-25 15:19:00,-16.142165353094363,16.1422,1.0244e+07,0,1.0,node_network_receive_bytes_total,1.2254,803627461947.0
2025-06-25 12:08:30,-48.32443835709735,48.3244,9.7059e+20,2,1.0,sda_node_disk_read_bytes_total,20.9789,11145117696.0
2025-06-25 12:08:30,-48.32443835709735,48.3244,9.7059e+20,2,1.0,node_netstat_Tcp_CurrEstab,0.5766,528.0
2025-06-25 12:08:30,-48.32443835709735,48.3244,9.7059e+20,2,1.0,node_network_receive_bytes_total,0.4965,797339781194.0
2025-06-25 12:08:30,-48.32443835709735,48.3244,9.7059e+20,2,1.0,node_memory_MemAvailable_bytes,0.4825,22278230016.0
2025-06-25 12:08:30,-48.32443835709735,48.3244,9.7059e+20,2,1.0,node_disk_written_bytes_total,0.4739,6361011785216.0
2025-06-25 15:41:30,-106.84469770231182,106.8447,2.5238e+46,2,1.0,node_sockstat_sockets_used,0.6596,12172.0
2025-06-25 15:41:30,-106.84469770231182,106.8447,2.5238e+46,2,1.0,/dev/sda3_/_xfs_node_filesystem_free_bytes,0.6036,37950926848.0
2025-06-25 15:41:30,-106.84469770231182,106.8447,2.5238e+46,2,1.0,node_netstat_Tcp_CurrEstab,0.5985,692.0
2025-06-25 15:41:30,-106.84469770231182,106.8447,2.5238e+46,2,1.0,node_network_receive_bytes_total,0.4002,804413264826.0
2025-06-25 15:41:30,-106.84469770231182,106.8447,2.5238e+46,2,1.0,node_disk_written_bytes_total,0.3847,6391025847808.0
2025-06-25 17:49:00,-121.92463618497852,121.9246,8.9371e+52,0,1.0,sda_node_disk_read_bytes_total,17.8296,9494020096.0
2025-06-25 17:49:00,-121.92463618497852,121.9246,8.9371e+52,0,1.0,node_load1,1.5462,6.92
2025-06-25 17:49:00,-121.92463618497852,121.9246,8.9371e+52,0,1.0,node_memory_MemAvailable_bytes,1.2404,25693089792.0
2025-06-25 17:49:00,-121.92463618497852,121.9246,8.9371e+52,0,1.0,node_sockstat_TCP_tw,0.8756,2430.0
2025-06-25 17:49:00,-121.92463618497852,121.9246,8.9371e+52,0,1.0,node_sockstat_sockets_used,0.7358,11968.0
2025-06-25 20:30:30,-158.0698224285276,158.0698,4.4550e+68,1,1.0,node_netstat_Tcp_CurrEstab,1.7908,734.0
2025-06-25 20:30:30,-158.0698224285276,158.0698,4.4550e+68,1,1.0,sda_node_disk_read_bytes_total,1.4799,792784896.0
2025-06-25 20:30:30,-158.0698224285276,158.0698,4.4550e+68,1,1.0,node_sockstat_sockets_used,1.3122,12129.0
2025-06-25 20:30:30,-158.0698224285276,158.0698,4.4550e+68,1,1.0,node_sockstat_TCP_tw,1.0855,3739.0
2025-06-25 20:30:30,-158.0698224285276,158.0698,4.4550e+68,1,1.0,node_memory_MemAvailable_bytes,0.7131,21202886656.0
2025-06-25 17:48:30,-159.8313923290183,159.8314,2.5935e+69,0,1.0,sda_node_disk_read_bytes_total,13.8377,7391645696.0
2025-06-25 17:48:30,-159.8313923290183,159.8314,2.5935e+69,0,1.0,node_sockstat_TCP_tw,1.0195,2313.0
2025-06-25 17:48:30,-159.8313923290183,159.8314,2.5935e+69,0,1.0,node_load1,0.9433,5.82
2025-06-25 17:48:30,-159.8313923290183,159.8314,2.5935e+69,0,1.0,node_memory_MemAvailable_bytes,0.6726,24437616640.0
2025-06-25 17:48:30,-159.8313923290183,159.8314,2.5935e+69,0,1.0,node_sockstat_sockets_used,0.6234,11988.0
2025-06-25 20:31:00,-160.5697531405084,160.5698,5.4270e+69,1,1.0,node_sockstat_TCP_tw,2.5872,4960.0
2025-06-25 20:31:00,-160.5697531405084,160.5698,5.4270e+69,1,1.0,node_netstat_Tcp_CurrEstab,2.0631,772.0
2025-06-25 20:31:00,-160.5697531405084,160.5698,5.4270e+69,1,1.0,node_sockstat_sockets_used,1.8853,12231.0
2025-06-25 20:31:00,-160.5697531405084,160.5698,5.4270e+69,1,1.0,sda_node_disk_read_bytes_total,1.5158,811700224.0
2025-06-25 20:31:00,-160.5697531405084,160.5698,5.4270e+69,1,1.0,node_disk_written_bytes_total,0.2804,6446576786432.0
2025-06-25 16:39:30,-166.89753603595702,166.8975,3.0386e+72,2,1.0,node_memory_MemAvailable_bytes,0.7356,21718622208.0
2025-06-25 16:39:30,-166.89753603595702,166.8975,3.0386e+72,2,1.0,node_network_receive_bytes_total,0.7126,806877837196.0
2025-06-25 16:39:30,-166.89753603595702,166.8975,3.0386e+72,2,1.0,node_disk_written_bytes_total,0.5892,6398175220736.0
2025-06-25 16:39:30,-166.89753603595702,166.8975,3.0386e+72,2,1.0,/dev/sda5_/var_xfs_node_filesystem_free_bytes,0.5873,2896267288576.0
2025-06-25 16:39:30,-166.89753603595702,166.8975,3.0386e+72,2,1.0,node_network_transmit_bytes_total,0.3019,416792351454.0
2025-06-25 16:40:00,-172.40684148534947,172.4068,7.5048e+74,0,1.0,node_network_transmit_bytes_total,1.1748,416797030539.0
2025-06-25 16:40:00,-172.40684148534947,172.4068,7.5048e+74,0,1.0,node_sockstat_TCP_tw,1.1683,2192.0
2025-06-25 16:40:00,-172.40684148534947,172.4068,7.5048e+74,0,1.0,/dev/sda5_/var_xfs_node_filesystem_free_bytes,1.135,2895977627648.0
2025-06-25 16:40:00,-172.40684148534947,172.4068,7.5048e+74,0,1.0,node_disk_written_bytes_total,0.8444,6398529969664.0
2025-06-25 16:40:00,-172.40684148534947,172.4068,7.5048e+74,0,1.0,node_network_receive_bytes_total,0.7749,807181221054.0
2025-06-25 16:40:30,-184.12722525581304,184.1272,9.2350e+79,0,1.0,node_sockstat_TCP_tw,1.2003,2166.0
2025-06-25 16:40:30,-184.12722525581304,184.1272,9.2350e+79,0,1.0,node_network_transmit_bytes_total,1.1726,416801648812.0
2025-06-25 16:40:30,-184.12722525581304,184.1272,9.2350e+79,0,1.0,/dev/sda5_/var_xfs_node_filesystem_free_bytes,1.0142,2895698698240.0
2025-06-25 16:40:30,-184.12722525581304,184.1272,9.2350e+79,0,1.0,node_disk_written_bytes_total,0.8299,6399036811776.0
2025-06-25 16:40:30,-184.12722525581304,184.1272,9.2350e+79,0,1.0,node_network_receive_bytes_total,0.7365,807484192803.0
2025-06-25 17:20:00,-187.7697406300249,187.7697,3.5266e+81,0,1.0,node_sockstat_sockets_used,7.625,13456.0
2025-06-25 17:20:00,-187.7697406300249,187.7697,3.5266e+81,0,1.0,node_netstat_Tcp_CurrEstab,7.1016,1608.0
2025-06-25 17:20:00,-187.7697406300249,187.7697,3.5266e+81,0,1.0,node_memory_MemAvailable_bytes,1.5519,19519090688.0
2025-06-25 17:20:00,-187.7697406300249,187.7697,3.5266e+81,0,1.0,node_sockstat_TCP_tw,1.4783,4344.0
2025-06-25 17:20:00,-187.7697406300249,187.7697,3.5266e+81,0,1.0,sda_node_disk_read_bytes_total,0.576,407195648.0
2025-06-25 17:48:00,-190.51378904299023,190.5138,5.4839e+82,0,1.0,node_memory_MemAvailable_bytes,2.5241,28531310592.0
2025-06-25 17:48:00,-190.51378904299023,190.5138,5.4839e+82,0,1.0,node_sockstat_sockets_used,0.7358,11968.0
2025-06-25 17:48:00,-190.51378904299023,190.5138,5.4839e+82,0,1.0,node_netstat_Tcp_CurrEstab,0.4792,550.0
2025-06-25 17:48:00,-190.51378904299023,190.5138,5.4839e+82,0,1.0,/dev/sda3_/_xfs_node_filesystem_free_bytes,0.282,37950959616.0
2025-06-25 17:48:00,-190.51378904299023,190.5138,5.4839e+82,0,1.0,node_load1,0.2188,3.7
2025-06-25 16:55:30,-191.24555854506124,191.2456,1.1400e+83,4,1.0,node_load1,3.3152,9.98
2025-06-25 16:55:30,-191.24555854506124,191.2456,1.1400e+83,4,1.0,node_netstat_Tcp_CurrEstab,2.1951,881.0
2025-06-25 16:55:30,-191.24555854506124,191.2456,1.1400e+83,4,1.0,node_sockstat_sockets_used,1.9994,12391.0
2025-06-25 16:55:30,-191.24555854506124,191.2456,1.1400e+83,4,1.0,/dev/sda5_/var_xfs_node_filesystem_free_bytes,1.0345,2892683005952.0
2025-06-25 16:55:30,-191.24555854506124,191.2456,1.1400e+83,4,1.0,tmpfs_/run/user/1002_tmpfs_node_filesystem_size_bytes,0.6165,6713008128.0
2025-06-25 16:43:30,-192.46676869896163,192.4668,3.8659e+83,0,1.0,node_sockstat_sockets_used,1.95,12446.0
2025-06-25 16:43:30,-192.46676869896163,192.4668,3.8659e+83,0,1.0,node_netstat_Tcp_CurrEstab,1.5342,831.0
2025-06-25 16:43:30,-192.46676869896163,192.4668,3.8659e+83,0,1.0,node_sockstat_TCP_tw,1.1696,2191.0
2025-06-25 16:43:30,-192.46676869896163,192.4668,3.8659e+83,0,1.0,node_network_transmit_bytes_total,1.1557,416836532540.0
2025-06-25 16:43:30,-192.46676869896163,192.4668,3.8659e+83,0,1.0,node_disk_written_bytes_total,0.7507,6401806224896.0
2025-06-25 16:44:00,-193.14642530112377,193.1464,7.6283e+83,0,1.0,node_load1,1.919,7.6
2025-06-25 16:44:00,-193.14642530112377,193.1464,7.6283e+83,0,1.0,node_sockstat_sockets_used,1.4668,12360.0
2025-06-25 16:44:00,-193.14642530112377,193.1464,7.6283e+83,0,1.0,node_netstat_Tcp_CurrEstab,1.3192,801.0
2025-06-25 16:44:00,-193.14642530112377,193.1464,7.6283e+83,0,1.0,node_network_transmit_bytes_total,1.126,416897940473.0
2025-06-25 16:44:00,-193.14642530112377,193.1464,7.6283e+83,0,1.0,node_disk_written_bytes_total,0.7257,6402681684480.0
2025-06-25 16:41:00,-193.48243160792273,193.4824,1.0675e+84,0,1.0,node_network_transmit_bytes_total,1.1684,416810351489.0
2025-06-25 16:41:00,-193.48243160792273,193.4824,1.0675e+84,0,1.0,node_sockstat_TCP_tw,1.0736,2269.0
2025-06-25 16:41:00,-193.48243160792273,193.4824,1.0675e+84,0,1.0,/dev/sda5_/var_xfs_node_filesystem_free_bytes,0.8735,2895373709312.0
2025-06-25 16:41:00,-193.48243160792273,193.4824,1.0675e+84,0,1.0,node_disk_written_bytes_total,0.8121,6399659896320.0
2025-06-25 16:41:00,-193.48243160792273,193.4824,1.0675e+84,0,1.0,node_network_receive_bytes_total,0.6885,807862226518.0
2025-06-25 19:05:30,-194.29883554525307,194.2988,2.4150e+84,4,1.0,node_netstat_Tcp_CurrEstab,1.0436,429.0
2025-06-25 19:05:30,-194.29883554525307,194.2988,2.4150e+84,4,1.0,node_sockstat_TCP_tw,0.9754,1922.0
2025-06-25 19:05:30,-194.29883554525307,194.2988,2.4150e+84,4,1.0,node_load1,0.8781,2.33
2025-06-25 19:05:30,-194.29883554525307,194.2988,2.4150e+84,4,1.0,/dev/sda5_/var_xfs_node_filesystem_free_bytes,0.7102,2893432147968.0
2025-06-25 19:05:30,-194.29883554525307,194.2988,2.4150e+84,4,1.0,node_sockstat_sockets_used,0.6639,11917.0
2025-06-25 12:55:00,-196.2388566769552,196.2389,1.6806e+85,2,1.0,sda_node_disk_read_bytes_total,8.661,4657733632.0
2025-06-25 12:55:00,-196.2388566769552,196.2389,1.6806e+85,2,1.0,node_load1,0.9329,6.1
2025-06-25 12:55:00,-196.2388566769552,196.2389,1.6806e+85,2,1.0,node_netstat_Tcp_CurrEstab,0.448,671.0
2025-06-25 12:55:00,-196.2388566769552,196.2389,1.6806e+85,2,1.0,node_network_receive_bytes_total,0.2819,799033093040.0
2025-06-25 12:55:00,-196.2388566769552,196.2389,1.6806e+85,2,1.0,node_disk_written_bytes_total,0.2598,6368495690752.0
2025-06-25 16:44:30,-197.2100780750345,197.2101,4.4386e+85,0,1.0,node_load1,2.8289,9.26
2025-06-25 16:44:30,-197.2100780750345,197.2101,4.4386e+85,0,1.0,node_netstat_Tcp_CurrEstab,1.5414,832.0
2025-06-25 16:44:30,-197.2100780750345,197.2101,4.4386e+85,0,1.0,node_sockstat_sockets_used,1.3376,12337.0
2025-06-25 16:44:30,-197.2100780750345,197.2101,4.4386e+85,0,1.0,node_network_transmit_bytes_total,1.0977,416956374140.0
2025-06-25 16:44:30,-197.2100780750345,197.2101,4.4386e+85,0,1.0,node_disk_written_bytes_total,0.709,6403262760448.0
2025-06-25 16:55:00,-198.25586682070363,198.2559,1.2631e+86,0,1.0,node_load1,4.1171,11.61
2025-06-25 16:55:00,-198.25586682070363,198.2559,1.2631e+86,0,1.0,node_netstat_Tcp_CurrEstab,1.6488,847.0
2025-06-25 16:55:00,-198.25586682070363,198.2559,1.2631e+86,0,1.0,node_sockstat_sockets_used,1.0791,12291.0
2025-06-25 16:55:00,-198.25586682070363,198.2559,1.2631e+86,0,1.0,node_network_transmit_bytes_total,0.5401,418108615994.0
2025-06-25 16:55:00,-198.25586682070363,198.2559,1.2631e+86,0,1.0,node_disk_written_bytes_total,0.4755,6411425871872.0
2025-06-25 16:43:00,-198.3606986206879,198.3607,1.4027e+86,0,1.0,node_sockstat_TCP_tw,1.2347,2138.0
2025-06-25 16:43:00,-198.3606986206879,198.3607,1.4027e+86,0,1.0,node_network_transmit_bytes_total,1.16,416827733534.0
2025-06-25 16:43:00,-198.3606986206879,198.3607,1.4027e+86,0,1.0,node_disk_written_bytes_total,0.7622,6401403758592.0
2025-06-25 16:43:00,-198.3606986206879,198.3607,1.4027e+86,0,1.0,node_memory_MemAvailable_bytes,0.5916,21642293248.0
2025-06-25 16:43:00,-198.3606986206879,198.3607,1.4027e+86,0,1.0,node_network_receive_bytes_total,0.5364,809062617229.0
2025-06-25 17:49:30,-198.55476054335057,198.5548,1.7031e+86,0,1.0,sda_node_disk_read_bytes_total,7.7853,4204036096.0
2025-06-25 17:49:30,-198.55476054335057,198.5548,1.7031e+86,0,1.0,node_memory_MemAvailable_bytes,1.6271,26547937280.0
2025-06-25 17:49:30,-198.55476054335057,198.5548,1.7031e+86,0,1.0,node_load1,1.5736,6.97
2025-06-25 17:49:30,-198.55476054335057,198.5548,1.7031e+86,0,1.0,node_sockstat_TCP_tw,0.8793,2427.0
2025-06-25 17:49:30,-198.55476054335057,198.5548,1.7031e+86,0,1.0,node_netstat_Tcp_CurrEstab,0.6369,528.0
2025-06-25 17:20:30,-199.09369911216348,199.0937,2.9194e+86,0,1.0,node_sockstat_sockets_used,5.2651,13036.0
2025-06-25 17:20:30,-199.09369911216348,199.0937,2.9194e+86,0,1.0,node_netstat_Tcp_CurrEstab,4.2355,1208.0
2025-06-25 17:20:30,-199.09369911216348,199.0937,2.9194e+86,0,1.0,node_sockstat_TCP_tw,2.1154,4862.0
2025-06-25 17:20:30,-199.09369911216348,199.0937,2.9194e+86,0,1.0,node_memory_MemAvailable_bytes,1.5489,19525709824.0
2025-06-25 17:20:30,-199.09369911216348,199.0937,2.9194e+86,0,1.0,node_load1,1.4804,6.8
2025-06-25 16:41:30,-199.52170922983908,199.5217,4.4790e+86,0,1.0,node_network_transmit_bytes_total,1.1662,416814793299.0
2025-06-25 16:41:30,-199.52170922983908,199.5217,4.4790e+86,0,1.0,node_sockstat_TCP_tw,1.0736,2269.0
2025-06-25 16:41:30,-199.52170922983908,199.5217,4.4790e+86,0,1.0,node_disk_written_bytes_total,0.7988,6400124956160.0
2025-06-25 16:41:30,-199.52170922983908,199.5217,4.4790e+86,0,1.0,/dev/sda5_/var_xfs_node_filesystem_free_bytes,0.7528,2895094792192.0
2025-06-25 16:41:30,-199.52170922983908,199.5217,4.4790e+86,0,1.0,node_network_receive_bytes_total,0.6506,808161971553.0
2025-06-25 13:05:30,-200.0082545757318,200.0083,7.2859e+86,4,1.0,node_load1,1.7968,7.21
2025-06-25 13:05:30,-200.0082545757318,200.0083,7.2859e+86,4,1.0,node_network_receive_bytes_total,1.2883,799384719493.0
2025-06-25 13:05:30,-200.0082545757318,200.0083,7.2859e+86,4,1.0,node_disk_written_bytes_total,1.2539,6369999834624.0
2025-06-25 13:05:30,-200.0082545757318,200.0083,7.2859e+86,4,1.0,/dev/sda5_/var_xfs_node_filesystem_free_bytes,1.2066,2897859338240.0
2025-06-25 13:05:30,-200.0082545757318,200.0083,7.2859e+86,4,1.0,node_network_transmit_bytes_total,1.1948,415890214009.0
2025-06-25 16:54:30,-200.51766135020773,200.5177,1.2126e+87,0,1.0,node_load1,2.7193,9.06
2025-06-25 16:54:30,-200.51766135020773,200.5177,1.2126e+87,0,1.0,node_netstat_Tcp_CurrEstab,1.5844,838.0
2025-06-25 16:54:30,-200.51766135020773,200.5177,1.2126e+87,0,1.0,node_sockstat_sockets_used,1.3376,12337.0
2025-06-25 16:54:30,-200.51766135020773,200.5177,1.2126e+87,0,1.0,node_memory_MemAvailable_bytes,0.9589,20830294016.0
2025-06-25 16:54:30,-200.51766135020773,200.5177,1.2126e+87,0,1.0,node_sockstat_TCP_tw,0.8732,2432.0
2025-06-25 12:13:00,-200.73334007418708,200.7333,1.5045e+87,2,1.0,sda_node_disk_read_bytes_total,6.6767,3612692480.0
2025-06-25 12:13:00,-200.73334007418708,200.7333,1.5045e+87,2,1.0,node_load1,2.3527,8.69
2025-06-25 12:13:00,-200.73334007418708,200.7333,1.5045e+87,2,1.0,node_netstat_Tcp_CurrEstab,0.7132,708.0
2025-06-25 12:13:00,-200.73334007418708,200.7333,1.5045e+87,2,1.0,node_network_receive_bytes_total,0.4599,797628782567.0
2025-06-25 12:13:00,-200.73334007418708,200.7333,1.5045e+87,2,1.0,node_disk_written_bytes_total,0.439,6362232137216.0
2025-06-25 16:45:30,-200.89970126888986,200.8997,1.7768e+87,0,1.0,node_load1,3.8594,11.14
2025-06-25 16:45:30,-200.89970126888986,200.8997,1.7768e+87,0,1.0,node_netstat_Tcp_CurrEstab,1.4769,823.0
2025-06-25 16:45:30,-200.89970126888986,200.8997,1.7768e+87,0,1.0,node_sockstat_sockets_used,1.4106,12350.0
2025-06-25 16:45:30,-200.89970126888986,200.8997,1.7768e+87,0,1.0,node_network_transmit_bytes_total,1.0402,417075306121.0
2025-06-25 16:45:30,-200.89970126888986,200.8997,1.7768e+87,0,1.0,node_memory_MemAvailable_bytes,0.8338,21106900992.0
2025-06-25 20:25:30,-200.93956281594578,200.9396,1.8490e+87,4,1.0,node_sockstat_TCP_tw,2.5727,4807.0
2025-06-25 20:25:30,-200.93956281594578,200.9396,1.8490e+87,4,1.0,tmpfs_/run/user/1002_tmpfs_node_filesystem_size_bytes,1.6548,0.0
2025-06-25 20:25:30,-200.93956281594578,200.9396,1.8490e+87,4,1.0,tmpfs_/run/user/1002_tmpfs_node_filesystem_free_bytes,1.6548,0.0
2025-06-25 20:25:30,-200.93956281594578,200.9396,1.8490e+87,4,1.0,node_network_transmit_bytes_total,0.9473,420316320736.0
2025-06-25 20:25:30,-200.93956281594578,200.9396,1.8490e+87,4,1.0,/dev/sda5_/var_xfs_node_filesystem_free_bytes,0.9237,2892939022336.0
2025-06-25 16:42:30,-201.0113570046549,201.0114,1.9867e+87,0,1.0,node_sockstat_TCP_tw,1.2323,2140.0
2025-06-25 16:42:30,-201.0113570046549,201.0114,1.9867e+87,0,1.0,node_network_transmit_bytes_total,1.162,416823503937.0
2025-06-25 16:42:30,-201.0113570046549,201.0114,1.9867e+87,0,1.0,node_disk_written_bytes_total,0.7707,6401107637248.0
2025-06-25 16:42:30,-201.0113570046549,201.0114,1.9867e+87,0,1.0,node_network_receive_bytes_total,0.5742,808764512742.0
2025-06-25 16:42:30,-201.0113570046549,201.0114,1.9867e+87,0,1.0,/dev/sda5_/var_xfs_node_filesystem_free_bytes,0.5364,2894594981888.0
2025-06-25 17:15:00,-201.34161666070244,201.3416,2.7641e+87,0,1.0,node_sockstat_TCP_tw,4.9072,7132.0
2025-06-25 17:15:00,-201.34161666070244,201.3416,2.7641e+87,0,1.0,node_load1,1.7929,7.37
2025-06-25 17:15:00,-201.34161666070244,201.3416,2.7641e+87,0,1.0,node_memory_MemAvailable_bytes,1.2589,20166987776.0
2025-06-25 17:15:00,-201.34161666070244,201.3416,2.7641e+87,0,1.0,node_sockstat_sockets_used,0.8487,12250.0
2025-06-25 17:15:00,-201.34161666070244,201.3416,2.7641e+87,0,1.0,node_netstat_Tcp_CurrEstab,0.5956,700.0
2025-06-25 16:57:30,-201.5017232183686,201.5017,3.2440e+87,0,1.0,node_netstat_Tcp_CurrEstab,6.8795,1577.0
2025-06-25 16:57:30,-201.5017232183686,201.5017,3.2440e+87,0,1.0,node_sockstat_sockets_used,5.591,13094.0
2025-06-25 16:57:30,-201.5017232183686,201.5017,3.2440e+87,0,1.0,node_sockstat_TCP_tw,3.3613,5875.0
2025-06-25 16:57:30,-201.5017232183686,201.5017,3.2440e+87,0,1.0,/dev/sda3_/_xfs_node_filesystem_free_bytes,1.2869,37950881792.0
2025-06-25 16:57:30,-201.5017232183686,201.5017,3.2440e+87,0,1.0,node_load1,0.6144,5.22
2025-06-25 18:35:30,-201.5074707684689,201.5075,3.2627e+87,4,1.0,node_sockstat_TCP_tw,3.596,5639.0
2025-06-25 18:35:30,-201.5074707684689,201.5075,3.2627e+87,4,1.0,node_netstat_Tcp_CurrEstab,2.6752,948.0
2025-06-25 18:35:30,-201.5074707684689,201.5075,3.2627e+87,4,1.0,node_sockstat_sockets_used,2.4995,12480.0
2025-06-25 18:35:30,-201.5074707684689,201.5075,3.2627e+87,4,1.0,node_memory_MemAvailable_bytes,0.7335,23807877120.0
2025-06-25 18:35:30,-201.5074707684689,201.5075,3.2627e+87,4,1.0,/dev/sda5_/var_xfs_node_filesystem_free_bytes,0.6368,2893601669120.0
2025-06-25 16:57:00,-201.60411908493268,201.6041,3.5938e+87,0,1.0,node_netstat_Tcp_CurrEstab,6.6502,1545.0
2025-06-25 16:57:00,-201.60411908493268,201.6041,3.5938e+87,0,1.0,node_sockstat_sockets_used,5.4505,13069.0
2025-06-25 16:57:00,-201.60411908493268,201.6041,3.5938e+87,0,1.0,node_sockstat_TCP_tw,2.0367,4798.0
2025-06-25 16:57:00,-201.60411908493268,201.6041,3.5938e+87,0,1.0,node_memory_MemAvailable_bytes,0.5374,21762134016.0
2025-06-25 16:57:00,-201.60411908493268,201.6041,3.5938e+87,0,1.0,node_network_transmit_bytes_total,0.5334,418122382534.0
2025-06-25 16:56:30,-201.77804330897303,201.778,4.2765e+87,0,1.0,node_netstat_Tcp_CurrEstab,5.776,1423.0
2025-06-25 16:56:30,-201.77804330897303,201.778,4.2765e+87,0,1.0,node_sockstat_sockets_used,4.6751,12931.0
2025-06-25 16:56:30,-201.77804330897303,201.778,4.2765e+87,0,1.0,node_load1,0.9487,5.83
2025-06-25 16:56:30,-201.77804330897303,201.778,4.2765e+87,0,1.0,node_memory_MemAvailable_bytes,0.5557,21721829376.0
2025-06-25 16:56:30,-201.77804330897303,201.778,4.2765e+87,0,1.0,node_network_transmit_bytes_total,0.5336,418121885061.0
2025-06-25 17:45:30,-202.03882595492055,202.0388,5.5507e+87,4,1.0,node_netstat_Tcp_CurrEstab,1.3138,758.0
2025-06-25 17:45:30,-202.03882595492055,202.0388,5.5507e+87,4,1.0,node_sockstat_sockets_used,1.2971,12266.0
2025-06-25 17:45:30,-202.03882595492055,202.0388,5.5507e+87,4,1.0,node_memory_MemAvailable_bytes,1.1286,19690610688.0
2025-06-25 17:45:30,-202.03882595492055,202.0388,5.5507e+87,4,1.0,/dev/sda5_/var_xfs_node_filesystem_free_bytes,0.6512,2893568389120.0
2025-06-25 17:45:30,-202.03882595492055,202.0388,5.5507e+87,4,1.0,tmpfs_/run/user/1002_tmpfs_node_filesystem_size_bytes,0.6165,6713008128.0
2025-06-25 16:58:00,-202.09422391807746,202.0942,5.8669e+87,0,1.0,node_netstat_Tcp_CurrEstab,6.4137,1512.0
2025-06-25 16:58:00,-202.09422391807746,202.0942,5.8669e+87,0,1.0,node_sockstat_sockets_used,5.1696,13019.0
2025-06-25 16:58:00,-202.09422391807746,202.0942,5.8669e+87,0,1.0,node_sockstat_TCP_tw,3.499,5987.0
2025-06-25 16:58:00,-202.09422391807746,202.0942,5.8669e+87,0,1.0,node_network_transmit_bytes_total,0.533,418123287154.0
2025-06-25 16:58:00,-202.09422391807746,202.0942,5.8669e+87,0,1.0,node_memory_MemAvailable_bytes,0.4602,21932986368.0
2025-06-25 16:54:00,-202.10111615486838,202.1011,5.9074e+87,0,1.0,node_load1,2.1985,8.11
2025-06-25 16:54:00,-202.10111615486838,202.1011,5.9074e+87,0,1.0,node_sockstat_TCP_tw,1.0699,2272.0
2025-06-25 16:54:00,-202.10111615486838,202.1011,5.9074e+87,0,1.0,node_memory_MemAvailable_bytes,0.7261,21345091584.0
2025-06-25 16:54:00,-202.10111615486838,202.1011,5.9074e+87,0,1.0,node_sockstat_sockets_used,0.6408,12213.0
2025-06-25 16:54:00,-202.10111615486838,202.1011,5.9074e+87,0,1.0,node_network_transmit_bytes_total,0.5946,417995882636.0
2025-06-25 16:45:00,-202.13991718582864,202.1399,6.1412e+87,0,1.0,node_load1,2.8837,9.36
2025-06-25 16:45:00,-202.13991718582864,202.1399,6.1412e+87,0,1.0,node_netstat_Tcp_CurrEstab,1.6488,847.0
2025-06-25 16:45:00,-202.13991718582864,202.1399,6.1412e+87,0,1.0,node_sockstat_sockets_used,1.5623,12377.0
2025-06-25 16:45:00,-202.13991718582864,202.1399,6.1412e+87,0,1.0,node_network_transmit_bytes_total,1.0694,417014956016.0
2025-06-25 16:45:00,-202.13991718582864,202.1399,6.1412e+87,0,1.0,node_memory_MemAvailable_bytes,0.9262,20902522880.0
2025-06-25 17:05:30,-202.147849461275,202.1478,6.1901e+87,4,1.0,node_sockstat_TCP_tw,1.092,3603.0
2025-06-25 17:05:30,-202.147849461275,202.1478,6.1901e+87,4,1.0,/dev/sda5_/var_xfs_node_filesystem_free_bytes,0.7734,2893286203392.0
2025-06-25 17:05:30,-202.147849461275,202.1478,6.1901e+87,4,1.0,node_netstat_Tcp_CurrEstab,0.7406,678.0
2025-06-25 17:05:30,-202.147849461275,202.1478,6.1901e+87,4,1.0,node_memory_MemAvailable_bytes,0.6754,20692717568.0
2025-06-25 17:05:30,-202.147849461275,202.1478,6.1901e+87,4,1.0,node_sockstat_sockets_used,0.634,12148.0
2025-06-25 16:42:00,-202.19532486656328,202.1953,6.4910e+87,0,1.0,node_sockstat_TCP_tw,1.1856,2178.0
2025-06-25 16:42:00,-202.19532486656328,202.1953,6.4910e+87,0,1.0,node_network_transmit_bytes_total,1.1641,416819281694.0
2025-06-25 16:42:00,-202.19532486656328,202.1953,6.4910e+87,0,1.0,node_disk_written_bytes_total,0.7865,6400553677312.0
2025-06-25 16:42:00,-202.19532486656328,202.1953,6.4910e+87,0,1.0,/dev/sda5_/var_xfs_node_filesystem_free_bytes,0.6274,2894805303296.0
2025-06-25 16:42:00,-202.19532486656328,202.1953,6.4910e+87,0,1.0,node_network_receive_bytes_total,0.6113,808471388460.0
2025-06-25 17:55:30,-202.20757519616555,202.2076,6.5710e+87,4,1.0,node_memory_MemAvailable_bytes,2.419,27534495744.0
2025-06-25 17:55:30,-202.20757519616555,202.2076,6.5710e+87,4,1.0,node_sockstat_TCP_tw,0.6212,2210.0
2025-06-25 17:55:30,-202.20757519616555,202.2076,6.5710e+87,4,1.0,tmpfs_/run/user/1002_tmpfs_node_filesystem_size_bytes,0.6165,6713008128.0
2025-06-25 17:55:30,-202.20757519616555,202.2076,6.5710e+87,4,1.0,tmpfs_/run/user/1002_tmpfs_node_filesystem_free_bytes,0.6165,6713004032.0
2025-06-25 17:55:30,-202.20757519616555,202.2076,6.5710e+87,4,1.0,/dev/sda5_/var_xfs_node_filesystem_free_bytes,0.6029,2893679931392.0
2025-06-25 11:35:30,-202.3245454480252,202.3245,7.3864e+87,4,1.0,node_netstat_Tcp_CurrEstab,1.6792,809.0
2025-06-25 11:35:30,-202.3245454480252,202.3245,7.3864e+87,4,1.0,node_network_receive_bytes_total,1.6792,796301011242.0
2025-06-25 11:35:30,-202.3245454480252,202.3245,7.3864e+87,4,1.0,node_disk_written_bytes_total,1.6406,6356481310720.0
2025-06-25 11:35:30,-202.3245454480252,202.3245,7.3864e+87,4,1.0,/dev/sda5_/var_xfs_node_filesystem_free_bytes,1.4462,2898412867584.0
2025-06-25 11:35:30,-202.3245454480252,202.3245,7.3864e+87,4,1.0,node_network_transmit_bytes_total,1.4451,415373054100.0
2025-06-25 17:15:30,-202.7682385736703,202.7682,1.1511e+88,4,1.0,node_sockstat_TCP_tw,1.8582,4226.0
2025-06-25 17:15:30,-202.7682385736703,202.7682,1.1511e+88,4,1.0,node_load1,1.6269,6.9
2025-06-25 17:15:30,-202.7682385736703,202.7682,1.1511e+88,4,1.0,node_sockstat_sockets_used,1.2409,12256.0
2025-06-25 17:15:30,-202.7682385736703,202.7682,1.1511e+88,4,1.0,node_memory_MemAvailable_bytes,0.9923,19992010752.0
2025-06-25 17:15:30,-202.7682385736703,202.7682,1.1511e+88,4,1.0,/dev/sda5_/var_xfs_node_filesystem_free_bytes,0.7411,2893360750592.0
2025-06-25 18:12:00,-202.93109902192415,202.9311,1.3547e+88,0,1.0,node_load1,3.5031,10.49
2025-06-25 18:12:00,-202.93109902192415,202.9311,1.3547e+88,0,1.0,node_netstat_Tcp_CurrEstab,0.7443,513.0
2025-06-25 18:12:00,-202.93109902192415,202.9311,1.3547e+88,0,1.0,node_memory_MemAvailable_bytes,0.6344,24353103872.0
2025-06-25 18:12:00,-202.93109902192415,202.9311,1.3547e+88,0,1.0,node_sockstat_TCP_tw,0.5608,2686.0
2025-06-25 18:12:00,-202.93109902192415,202.9311,1.3547e+88,0,1.0,/dev/sda3_/_xfs_node_filesystem_free_bytes,0.1994,37950955520.0
2025-06-25 16:49:00,-203.26948197565844,203.2695,1.9003e+88,0,1.0,node_netstat_Tcp_CurrEstab,5.7545,1420.0
2025-06-25 16:49:00,-203.26948197565844,203.2695,1.9003e+88,0,1.0,node_sockstat_sockets_used,5.1302,13012.0
2025-06-25 16:49:00,-203.26948197565844,203.2695,1.9003e+88,0,1.0,node_load1,3.3496,10.21
2025-06-25 16:49:00,-203.26948197565844,203.2695,1.9003e+88,0,1.0,node_network_transmit_bytes_total,0.8359,417497285357.0
2025-06-25 16:49:00,-203.26948197565844,203.2695,1.9003e+88,0,1.0,node_sockstat_TCP_tw,0.7712,3769.0
2025-06-25 16:51:30,-203.4003894074622,203.4004,2.1660e+88,0,1.0,node_load1,3.1194,9.79
2025-06-25 16:51:30,-203.4003894074622,203.4004,2.1660e+88,0,1.0,node_sockstat_TCP_tw,2.8066,5424.0
2025-06-25 16:51:30,-203.4003894074622,203.4004,2.1660e+88,0,1.0,node_network_transmit_bytes_total,0.6887,417801429288.0
2025-06-25 16:51:30,-203.4003894074622,203.4004,2.1660e+88,0,1.0,node_memory_MemAvailable_bytes,0.5854,21656010752.0
2025-06-25 16:51:30,-203.4003894074622,203.4004,2.1660e+88,0,1.0,node_disk_written_bytes_total,0.5282,6409583551488.0
2025-06-25 16:51:00,-203.5877843065493,203.5878,2.6125e+88,0,1.0,node_netstat_Tcp_CurrEstab,5.9767,1451.0
2025-06-25 16:51:00,-203.5877843065493,203.5878,2.6125e+88,0,1.0,node_sockstat_sockets_used,5.5966,13095.0
2025-06-25 16:51:00,-203.5877843065493,203.5878,2.6125e+88,0,1.0,node_load1,3.7059,10.86
2025-06-25 16:51:00,-203.5877843065493,203.5878,2.6125e+88,0,1.0,node_sockstat_TCP_tw,3.0415,5615.0
2025-06-25 16:51:00,-203.5877843065493,203.5878,2.6125e+88,0,1.0,node_memory_MemAvailable_bytes,1.032,20668620800.0
2025-06-25 17:51:00,-203.73654669198118,203.7365,3.0315e+88,0,1.0,sda_node_disk_read_bytes_total,6.2046,3371569664.0
2025-06-25 17:51:00,-203.73654669198118,203.7365,3.0315e+88,0,1.0,node_memory_MemAvailable_bytes,2.0304,27439706112.0
2025-06-25 17:51:00,-203.73654669198118,203.7365,3.0315e+88,0,1.0,node_load1,1.2721,6.42
2025-06-25 17:51:00,-203.73654669198118,203.7365,3.0315e+88,0,1.0,node_netstat_Tcp_CurrEstab,0.4952,686.0
2025-06-25 17:51:00,-203.73654669198118,203.7365,3.0315e+88,0,1.0,node_sockstat_TCP_tw,0.2041,2976.0
2025-06-25 13:11:30,-203.996755789035,203.9968,3.9325e+88,2,1.0,node_load1,7.3628,17.83
2025-06-25 13:11:30,-203.996755789035,203.9968,3.9325e+88,2,1.0,node_memory_MemAvailable_bytes,0.5217,24498552832.0
2025-06-25 13:11:30,-203.996755789035,203.9968,3.9325e+88,2,1.0,node_network_receive_bytes_total,0.204,799647205862.0
2025-06-25 13:11:30,-203.996755789035,203.9968,3.9325e+88,2,1.0,node_disk_written_bytes_total,0.1897,6370947223040.0
2025-06-25 13:11:30,-203.996755789035,203.9968,3.9325e+88,2,1.0,sda_node_disk_read_bytes_total,0.1771,3076096.0
2025-06-25 16:46:00,-204.3349659590588,204.335,5.5150e+88,0,1.0,node_load1,3.3661,10.24
2025-06-25 16:46:00,-204.3349659590588,204.335,5.5150e+88,0,1.0,node_sockstat_sockets_used,1.7309,12407.0
2025-06-25 16:46:00,-204.3349659590588,204.335,5.5150e+88,0,1.0,node_netstat_Tcp_CurrEstab,1.5414,832.0
2025-06-25 16:46:00,-204.3349659590588,204.335,5.5150e+88,0,1.0,node_network_transmit_bytes_total,1.0118,417133869229.0
2025-06-25 16:46:00,-204.3349659590588,204.335,5.5150e+88,0,1.0,node_disk_written_bytes_total,0.6698,6404632871936.0
2025-06-25 17:52:30,-204.45415875687715,204.4542,6.2132e+88,0,1.0,node_sockstat_TCP_tw,2.1622,4900.0
2025-06-25 17:52:30,-204.45415875687715,204.4542,6.2132e+88,0,1.0,node_memory_MemAvailable_bytes,2.068,27522859008.0
2025-06-25 17:52:30,-204.45415875687715,204.4542,6.2132e+88,0,1.0,node_load1,1.7764,7.34
2025-06-25 17:52:30,-204.45415875687715,204.4542,6.2132e+88,0,1.0,node_sockstat_sockets_used,1.3376,12337.0
2025-06-25 17:52:30,-204.45415875687715,204.4542,6.2132e+88,0,1.0,node_netstat_Tcp_CurrEstab,0.4451,679.0
2025-06-25 16:35:30,-204.4595688127776,204.4596,6.2469e+88,4,1.0,node_load1,1.059,2.0
2025-06-25 16:35:30,-204.4595688127776,204.4596,6.2469e+88,4,1.0,/dev/sda5_/var_xfs_node_filesystem_free_bytes,0.8269,2896982446080.0
2025-06-25 16:35:30,-204.4595688127776,204.4596,6.2469e+88,4,1.0,node_network_transmit_bytes_total,0.7639,416780538549.0
2025-06-25 16:35:30,-204.4595688127776,204.4596,6.2469e+88,4,1.0,node_sockstat_TCP_tw,0.6827,2160.0
2025-06-25 16:35:30,-204.4595688127776,204.4596,6.2469e+88,4,1.0,tmpfs_/run/user/1002_tmpfs_node_filesystem_size_bytes,0.6165,6713008128.0
2025-06-25 13:12:00,-204.61946758505184,204.6195,7.3300e+88,2,1.0,node_load1,6.7817,16.77
2025-06-25 13:12:00,-204.61946758505184,204.6195,7.3300e+88,2,1.0,node_netstat_Tcp_CurrEstab,0.9277,479.0
2025-06-25 13:12:00,-204.61946758505184,204.6195,7.3300e+88,2,1.0,node_memory_MemAvailable_bytes,0.53,24516837376.0
2025-06-25 13:12:00,-204.61946758505184,204.6195,7.3300e+88,2,1.0,node_sockstat_sockets_used,0.3911,11985.0
2025-06-25 13:12:00,-204.61946758505184,204.6195,7.3300e+88,2,1.0,node_network_receive_bytes_total,0.202,799662841389.0
2025-06-25 16:49:30,-204.75039804654537,204.7504,8.3554e+88,0,1.0,node_netstat_Tcp_CurrEstab,6.0411,1460.0
2025-06-25 16:49:30,-204.75039804654537,204.7504,8.3554e+88,0,1.0,node_sockstat_sockets_used,5.2145,13027.0
2025-06-25 16:49:30,-204.75039804654537,204.7504,8.3554e+88,0,1.0,node_load1,3.3771,10.26
2025-06-25 16:49:30,-204.75039804654537,204.7504,8.3554e+88,0,1.0,node_sockstat_TCP_tw,2.584,5243.0
2025-06-25 16:49:30,-204.75039804654537,204.7504,8.3554e+88,0,1.0,node_network_transmit_bytes_total,0.8036,417564162692.0
2025-06-25 16:50:00,-204.77543726671354,204.7754,8.5673e+88,0,1.0,node_netstat_Tcp_CurrEstab,5.6972,1412.0
2025-06-25 16:50:00,-204.77543726671354,204.7754,8.5673e+88,0,1.0,node_sockstat_sockets_used,5.2314,13030.0
2025-06-25 16:50:00,-204.77543726671354,204.7754,8.5673e+88,0,1.0,node_load1,3.8868,11.19
2025-06-25 16:50:00,-204.77543726671354,204.7754,8.5673e+88,0,1.0,node_sockstat_TCP_tw,3.4154,5919.0
2025-06-25 16:50:00,-204.77543726671354,204.7754,8.5673e+88,0,1.0,node_network_transmit_bytes_total,0.7756,417621849329.0
2025-06-25 17:35:30,-204.859670924229,204.8597,9.3202e+88,4,1.0,node_netstat_Tcp_CurrEstab,1.5789,795.0
2025-06-25 17:35:30,-204.859670924229,204.8597,9.3202e+88,4,1.0,node_sockstat_TCP_tw,1.3539,3816.0
2025-06-25 17:35:30,-204.859670924229,204.8597,9.3202e+88,4,1.0,node_sockstat_sockets_used,1.2858,12264.0
2025-06-25 17:35:30,-204.859670924229,204.8597,9.3202e+88,4,1.0,node_memory_MemAvailable_bytes,1.0536,19856449536.0
2025-06-25 17:35:30,-204.859670924229,204.8597,9.3202e+88,4,1.0,/dev/sda5_/var_xfs_node_filesystem_free_bytes,0.7224,2893403963392.0
2025-06-25 12:12:30,-204.8906596538726,204.8907,9.6135e+88,2,1.0,sda_node_disk_read_bytes_total,7.0047,3785461760.0
2025-06-25 12:12:30,-204.8906596538726,204.8907,9.6135e+88,2,1.0,node_netstat_Tcp_CurrEstab,0.706,707.0
2025-06-25 12:12:30,-204.8906596538726,204.8907,9.6135e+88,2,1.0,node_load1,0.6643,5.61
2025-06-25 12:12:30,-204.8906596538726,204.8907,9.6135e+88,2,1.0,node_memory_MemAvailable_bytes,0.5835,22054842368.0
2025-06-25 12:12:30,-204.8906596538726,204.8907,9.6135e+88,2,1.0,node_sockstat_sockets_used,0.5248,12148.0
2025-06-25 16:58:30,-204.97635741488176,204.9764,1.0474e+89,0,1.0,node_netstat_Tcp_CurrEstab,5.5252,1388.0
2025-06-25 16:58:30,-204.97635741488176,204.9764,1.0474e+89,0,1.0,node_sockstat_sockets_used,4.8662,12965.0
2025-06-25 16:58:30,-204.97635741488176,204.9764,1.0474e+89,0,1.0,node_sockstat_TCP_tw,3.4191,5922.0
2025-06-25 16:58:30,-204.97635741488176,204.9764,1.0474e+89,0,1.0,node_network_transmit_bytes_total,0.5327,418123883602.0
2025-06-25 16:58:30,-204.97635741488176,204.9764,1.0474e+89,0,1.0,node_memory_MemAvailable_bytes,0.5312,21776019456.0
2025-06-25 20:20:30,-205.02122184076651,205.0212,1.0954e+89,0,1.0,node_sockstat_sockets_used,1.573,11819.0
2025-06-25 20:20:30,-205.02122184076651,205.0212,1.0954e+89,0,1.0,node_netstat_Tcp_CurrEstab,1.5039,407.0
2025-06-25 20:20:30,-205.02122184076651,205.0212,1.0954e+89,0,1.0,node_network_transmit_bytes_total,0.4983,420254197590.0
2025-06-25 20:20:30,-205.02122184076651,205.0212,1.0954e+89,0,1.0,node_disk_written_bytes_total,0.4892,6445149327360.0
2025-06-25 20:20:30,-205.02122184076651,205.0212,1.0954e+89,0,1.0,node_load1,0.4874,3.21
2025-06-25 17:25:30,-205.37585607397912,205.3759,1.5617e+89,4,1.0,node_load1,1.9832,7.55
2025-06-25 17:25:30,-205.37585607397912,205.3759,1.5617e+89,4,1.0,node_sockstat_TCP_tw,1.3023,3774.0
2025-06-25 17:25:30,-205.37585607397912,205.3759,1.5617e+89,4,1.0,node_memory_MemAvailable_bytes,1.0219,19926515712.0
2025-06-25 17:25:30,-205.37585607397912,205.3759,1.5617e+89,4,1.0,node_sockstat_sockets_used,0.8419,12185.0
2025-06-25 17:25:30,-205.37585607397912,205.3759,1.5617e+89,4,1.0,/dev/sda5_/var_xfs_node_filesystem_free_bytes,0.6949,2893467439104.0
2025-06-25 16:48:00,-205.65151170637537,205.6515,2.0574e+89,0,1.0,node_load1,2.3794,8.44
2025-06-25 16:48:00,-205.65151170637537,205.6515,2.0574e+89,0,1.0,node_sockstat_sockets_used,1.3825,12345.0
2025-06-25 16:48:00,-205.65151170637537,205.6515,2.0574e+89,0,1.0,node_netstat_Tcp_CurrEstab,1.3192,801.0
2025-06-25 16:48:00,-205.65151170637537,205.6515,2.0574e+89,0,1.0,node_network_transmit_bytes_total,0.8928,417379806676.0
2025-06-25 16:48:00,-205.65151170637537,205.6515,2.0574e+89,0,1.0,node_memory_MemAvailable_bytes,0.7198,21358833664.0
2025-06-25 17:50:00,-205.70086018259863,205.7009,2.1615e+89,0,1.0,sda_node_disk_read_bytes_total,5.9578,3241607168.0
2025-06-25 17:50:00,-205.70086018259863,205.7009,2.1615e+89,0,1.0,node_load1,1.4859,6.81
2025-06-25 17:50:00,-205.70086018259863,205.7009,2.1615e+89,0,1.0,node_memory_MemAvailable_bytes,1.4255,26102321152.0
2025-06-25 17:50:00,-205.70086018259863,205.7009,2.1615e+89,0,1.0,node_sockstat_TCP_tw,1.1597,2199.0
2025-06-25 17:50:00,-205.70086018259863,205.7009,2.1615e+89,0,1.0,node_netstat_Tcp_CurrEstab,0.6369,528.0
2025-06-25 11:45:30,-206.00546582331063,206.0055,2.9311e+89,4,1.0,node_network_receive_bytes_total,1.6385,796621925299.0
2025-06-25 11:45:30,-206.00546582331063,206.0055,2.9311e+89,4,1.0,node_disk_written_bytes_total,1.5997,6357909351936.0
2025-06-25 11:45:30,-206.00546582331063,206.0055,2.9311e+89,4,1.0,/dev/sda5_/var_xfs_node_filesystem_free_bytes,1.4353,2898387587072.0
2025-06-25 11:45:30,-206.00546582331063,206.0055,2.9311e+89,4,1.0,node_network_transmit_bytes_total,1.4072,415451352429.0
2025-06-25 11:45:30,-206.00546582331063,206.0055,2.9311e+89,4,1.0,node_load1,1.2706,6.25
2025-06-25 16:46:30,-206.23732857626217,206.2373,3.6960e+89,0,1.0,node_load1,3.1578,9.86
2025-06-25 16:46:30,-206.23732857626217,206.2373,3.6960e+89,0,1.0,node_sockstat_sockets_used,1.2421,12320.0
2025-06-25 16:46:30,-206.23732857626217,206.2373,3.6960e+89,0,1.0,node_netstat_Tcp_CurrEstab,1.1688,780.0
2025-06-25 16:46:30,-206.23732857626217,206.2373,3.6960e+89,0,1.0,node_network_transmit_bytes_total,0.9796,417200406788.0
2025-06-25 16:46:30,-206.23732857626217,206.2373,3.6960e+89,0,1.0,node_memory_MemAvailable_bytes,0.7997,21182177280.0
2025-06-25 13:15:30,-206.41613284743423,206.4161,4.4196e+89,4,1.0,node_load1,2.6026,8.68
2025-06-25 13:15:30,-206.41613284743423,206.4161,4.4196e+89,4,1.0,node_network_receive_bytes_total,1.2432,799740664524.0
2025-06-25 13:15:30,-206.41613284743423,206.4161,4.4196e+89,4,1.0,/dev/sda5_/var_xfs_node_filesystem_free_bytes,1.2303,2897914052608.0
2025-06-25 13:15:30,-206.41613284743423,206.4161,4.4196e+89,4,1.0,node_disk_written_bytes_total,1.2137,6371404199936.0
2025-06-25 13:15:30,-206.41613284743423,206.4161,4.4196e+89,4,1.0,node_network_transmit_bytes_total,1.1711,415939185233.0
2025-06-25 16:50:30,-206.45964739917193,206.4596,4.6162e+89,0,1.0,node_netstat_Tcp_CurrEstab,5.6685,1408.0
2025-06-25 16:50:30,-206.45964739917193,206.4596,4.6162e+89,0,1.0,node_sockstat_sockets_used,4.8324,12959.0
2025-06-25 16:50:30,-206.45964739917193,206.4596,4.6162e+89,0,1.0,node_load1,3.3003,10.12
2025-06-25 16:50:30,-206.45964739917193,206.4596,4.6162e+89,0,1.0,node_sockstat_TCP_tw,3.0194,5597.0
2025-06-25 16:50:30,-206.45964739917193,206.4596,4.6162e+89,0,1.0,node_network_transmit_bytes_total,0.7456,417683976298.0
2025-06-25 18:02:00,-206.59610701008262,206.5961,5.2911e+89,0,1.0,node_load1,2.7028,9.03
2025-06-25 18:02:00,-206.59610701008262,206.5961,5.2911e+89,0,1.0,node_memory_MemAvailable_bytes,1.2405,25693200384.0
2025-06-25 18:02:00,-206.59610701008262,206.5961,5.2911e+89,0,1.0,node_netstat_Tcp_CurrEstab,1.2118,786.0
2025-06-25 18:02:00,-206.59610701008262,206.5961,5.2911e+89,0,1.0,node_sockstat_sockets_used,1.1184,12298.0
2025-06-25 18:02:00,-206.59610701008262,206.5961,5.2911e+89,0,1.0,/dev/sda3_/_xfs_node_filesystem_free_bytes,0.1994,37950955520.0
2025-06-25 18:05:30,-206.71765387801352,206.7177,5.9750e+89,4,1.0,node_memory_MemAvailable_bytes,1.6025,25729245184.0
2025-06-25 18:05:30,-206.71765387801352,206.7177,5.9750e+89,4,1.0,node_sockstat_sockets_used,0.647,11920.0
2025-06-25 18:05:30,-206.71765387801352,206.7177,5.9750e+89,4,1.0,/dev/sda5_/var_xfs_node_filesystem_free_bytes,0.6227,2893634183168.0
2025-06-25 18:05:30,-206.71765387801352,206.7177,5.9750e+89,4,1.0,node_netstat_Tcp_CurrEstab,0.6208,488.0
2025-06-25 18:05:30,-206.71765387801352,206.7177,5.9750e+89,4,1.0,tmpfs_/run/user/1002_tmpfs_node_filesystem_size_bytes,0.6165,6713008128.0
2025-06-25 16:48:30,-206.9065071237482,206.9065,7.2170e+89,0,1.0,node_load1,3.5305,10.54
2025-06-25 16:48:30,-206.9065071237482,206.9065,7.2170e+89,0,1.0,node_netstat_Tcp_CurrEstab,2.3295,942.0
2025-06-25 16:48:30,-206.9065071237482,206.9065,7.2170e+89,0,1.0,node_sockstat_sockets_used,1.9781,12451.0
2025-06-25 16:48:30,-206.9065071237482,206.9065,7.2170e+89,0,1.0,node_network_transmit_bytes_total,0.8648,417437695361.0
2025-06-25 16:48:30,-206.9065071237482,206.9065,7.2170e+89,0,1.0,node_disk_written_bytes_total,0.6254,6406187008000.0
2025-06-25 16:05:30,-206.9126382119594,206.9126,7.2613e+89,4,1.0,node_sockstat_sockets_used,1.1116,12233.0
2025-06-25 16:05:30,-206.9126382119594,206.9126,7.2613e+89,4,1.0,node_netstat_Tcp_CurrEstab,0.8266,690.0
2025-06-25 16:05:30,-206.9126382119594,206.9126,7.2613e+89,4,1.0,node_network_transmit_bytes_total,0.8058,416694016495.0
2025-06-25 16:05:30,-206.9126382119594,206.9126,7.2613e+89,4,1.0,/dev/sda5_/var_xfs_node_filesystem_free_bytes,0.7997,2896919547904.0
2025-06-25 16:05:30,-206.9126382119594,206.9126,7.2613e+89,4,1.0,node_load1,0.7411,2.58
2025-06-25 17:52:00,-206.93649909130775,206.9365,7.4367e+89,0,1.0,node_sockstat_sockets_used,2.2759,12504.0
2025-06-25 17:52:00,-206.93649909130775,206.9365,7.4367e+89,0,1.0,node_memory_MemAvailable_bytes,2.1234,27645374464.0
2025-06-25 17:52:00,-206.93649909130775,206.9365,7.4367e+89,0,1.0,node_sockstat_TCP_tw,1.8338,4633.0
2025-06-25 17:52:00,-206.93649909130775,206.9365,7.4367e+89,0,1.0,node_netstat_Tcp_CurrEstab,1.6847,852.0
2025-06-25 17:52:00,-206.93649909130775,206.9365,7.4367e+89,0,1.0,node_load1,1.5681,6.96
2025-07-26 09:34:46,-16.1422,16.1422,1.0244e+07,0,1.0,/dev/sda3_/_xfs_node_filesystem_free_bytes,37.5376,37949083648.0
2025-07-26 09:34:46,-16.1422,16.1422,1.0244e+07,0,1.0,node_load1,1.9738,7.7
2025-07-26 09:34:46,-16.1422,16.1422,1.0244e+07,0,1.0,/dev/sda5_/var_xfs_node_filesystem_free_bytes,1.7406,2897376444416.0
2025-07-26 09:34:46,-16.1422,16.1422,1.0244e+07,0,1.0,node_network_transmit_bytes_total,1.2915,416555963059.0
2025-07-26 09:34:46,-16.1422,16.1422,1.0244e+07,0,1.0,node_network_receive_bytes_total,1.2254,803627461947.0
2025-07-26 09:40:00,1686.7531,-1686.7531,0.0000e+00,0,1.0,/dev/sda3_/_xfs_node_filesystem_free_bytes,37.5376,37949083648.0
2025-07-26 09:40:00,1686.7531,-1686.7531,0.0000e+00,0,1.0,node_load1,1.9738,7.7
2025-07-26 09:40:00,1686.7531,-1686.7531,0.0000e+00,0,1.0,/dev/sda5_/var_xfs_node_filesystem_free_bytes,1.7406,2897376444416.0
2025-07-26 09:40:00,1686.7531,-1686.7531,0.0000e+00,0,1.0,node_network_transmit_bytes_total,1.2915,416555963059.0
2025-07-26 09:40:00,1686.7531,-1686.7531,0.0000e+00,0,1.0,node_network_receive_bytes_total,1.2254,803627461947.0
2025-07-26 09:44:48,663.4862,-663.4862,7.1057e-289,0,1.0,/dev/sda3_/_xfs_node_filesystem_free_bytes,37.5376,37949083648.0
2025-07-26 09:44:48,663.4862,-663.4862,7.1057e-289,0,1.0,node_load1,1.9738,7.7
2025-07-26 09:44:48,663.4862,-663.4862,7.1057e-289,0,1.0,/dev/sda5_/var_xfs_node_filesystem_free_bytes,1.7406,2897376444416.0
2025-07-26 09:44:48,663.4862,-663.4862,7.1057e-289,0,1.0,node_disk_written_bytes_total,1.6455,6370527071232.0
2025-07-26 09:44:48,663.4862,-663.4862,7.1057e-289,0,1.0,node_sockstat_TCP_tw,1.3836,2017.0
2025-07-26 09:50:41,2607.1432,-2607.1432,0.0000e+00,0,1.0,/dev/sda3_/_xfs_node_filesystem_free_bytes,37.5376,37949083648.0
2025-07-26 09:50:41,2607.1432,-2607.1432,0.0000e+00,0,1.0,node_sockstat_TCP_tw,3.242,5778.0
2025-07-26 09:50:41,2607.1432,-2607.1432,0.0000e+00,0,1.0,node_load1,1.9738,7.7
2025-07-26 09:50:41,2607.1432,-2607.1432,0.0000e+00,0,1.0,/dev/sda5_/var_xfs_node_filesystem_free_bytes,1.7406,2897376444416.0
2025-07-26 09:50:41,2607.1432,-2607.1432,0.0000e+00,0,1.0,node_memory_MemAvailable_bytes,1.3255,20019646464.0
2025-07-26 09:57:38,-203.2695,203.2695,1.9003e+88,0,1.0,node_netstat_Tcp_CurrEstab,5.7545,1420.0
2025-07-26 09:57:38,-203.2695,203.2695,1.9003e+88,0,1.0,node_sockstat_sockets_used,5.1302,13012.0
2025-07-26 09:57:38,-203.2695,203.2695,1.9003e+88,0,1.0,node_load1,3.3496,10.21
2025-07-26 09:57:38,-203.2695,203.2695,1.9003e+88,0,1.0,node_network_transmit_bytes_total,0.8359,417497285357.0
2025-07-26 09:57:38,-203.2695,203.2695,1.9003e+88,0,1.0,node_sockstat_TCP_tw,0.7712,3769.0
2025-07-26 09:58:10,-202.3245,202.3245,7.3864e+87,4,1.0,node_netstat_Tcp_CurrEstab,1.6792,809.0
2025-07-26 09:58:10,-202.3245,202.3245,7.3864e+87,4,1.0,node_network_receive_bytes_total,1.6792,796301011242.0
2025-07-26 09:58:10,-202.3245,202.3245,7.3864e+87,4,1.0,node_disk_written_bytes_total,1.6406,6356481310720.0
2025-07-26 09:58:10,-202.3245,202.3245,7.3864e+87,4,1.0,/dev/sda5_/var_xfs_node_filesystem_free_bytes,1.4462,2898412867584.0
2025-07-26 09:58:10,-202.3245,202.3245,7.3864e+87,4,1.0,node_network_transmit_bytes_total,1.4451,415373054100.0
2025-07-26 09:58:42,75.2152,-75.2152,2.1600e-33,0,1.0,/dev/sda3_/_xfs_node_filesystem_free_bytes,37.5376,37949083648.0
2025-07-26 09:58:42,75.2152,-75.2152,2.1600e-33,0,1.0,node_load1,1.9738,7.7
2025-07-26 09:58:42,75.2152,-75.2152,2.1600e-33,0,1.0,/dev/sda5_/var_xfs_node_filesystem_free_bytes,1.7406,2897376444416.0
2025-07-26 09:58:42,75.2152,-75.2152,2.1600e-33,0,1.0,node_network_transmit_bytes_total,1.2915,416555963059.0
2025-07-26 09:58:42,75.2152,-75.2152,2.1600e-33,0,1.0,node_network_receive_bytes_total,1.2254,803627461947.0
2025-07-26 10:00:19,71.0635,-71.0635,1.3725e-31,0,1.0,/dev/sda3_/_xfs_node_filesystem_free_bytes,37.5376,37949083648.0
2025-07-26 10:00:19,71.0635,-71.0635,1.3725e-31,0,1.0,node_load1,1.9738,7.7
2025-07-26 10:00:19,71.0635,-71.0635,1.3725e-31,0,1.0,/dev/sda5_/var_xfs_node_filesystem_free_bytes,1.7406,2897376444416.0
2025-07-26 10:00:19,71.0635,-71.0635,1.3725e-31,0,1.0,node_sockstat_TCP_tw,1.4561,1958.0
2025-07-26 10:00:19,71.0635,-71.0635,1.3725e-31,0,1.0,node_network_transmit_bytes_total,1.2915,416555963059.0
2025-07-26 09:34:46,-16.1422,16.1422,1.0244e+07,0,1.0,/dev/sda3_/_xfs_node_filesystem_free_bytes,37.5376,37949083648.0
2025-07-26 09:34:46,-16.1422,16.1422,1.0244e+07,0,1.0,node_load1,1.9738,7.7
2025-07-26 09:34:46,-16.1422,16.1422,1.0244e+07,0,1.0,/dev/sda5_/var_xfs_node_filesystem_free_bytes,1.7406,2897376444416.0
2025-07-26 09:34:46,-16.1422,16.1422,1.0244e+07,0,1.0,node_network_transmit_bytes_total,1.2915,416555963059.0
2025-07-26 09:34:46,-16.1422,16.1422,1.0244e+07,0,1.0,node_network_receive_bytes_total,1.2254,803627461947.0
2025-07-26 09:34:46,-16.1422,16.1422,1.0244e+07,0,1.0,/dev/sda3_/_xfs_node_filesystem_free_bytes,37.5376,37949083648.0
2025-07-26 09:34:46,-16.1422,16.1422,1.0244e+07,0,1.0,node_load1,1.9738,7.7
2025-07-26 09:34:46,-16.1422,16.1422,1.0244e+07,0,1.0,/dev/sda5_/var_xfs_node_filesystem_free_bytes,1.7406,2897376444416.0
2025-07-26 09:34:46,-16.1422,16.1422,1.0244e+07,0,1.0,node_network_transmit_bytes_total,1.2915,416555963059.0
2025-07-26 09:34:46,-16.1422,16.1422,1.0244e+07,0,1.0,node_network_receive_bytes_total,1.2254,803627461947.0
2025-07-26 09:34:46,-16.1422,16.1422,1.0244e+07,0,1.0,/dev/sda3_/_xfs_node_filesystem_free_bytes,37.5376,37949083648.0
2025-07-26 09:34:46,-16.1422,16.1422,1.0244e+07,0,1.0,node_load1,1.9738,7.7
2025-07-26 09:34:46,-16.1422,16.1422,1.0244e+07,0,1.0,/dev/sda5_/var_xfs_node_filesystem_free_bytes,1.7406,2897376444416.0
2025-07-26 09:34:46,-16.1422,16.1422,1.0244e+07,0,1.0,node_network_transmit_bytes_total,1.2915,416555963059.0
2025-07-26 09:34:46,-16.1422,16.1422,1.0244e+07,0,1.0,node_network_receive_bytes_total,1.2254,803627461947.0
2025-07-26 09:34:46,-16.1422,16.1422,1.0244e+07,0,1.0,/dev/sda3_/_xfs_node_filesystem_free_bytes,37.5376,37949083648.0
2025-07-26 09:34:46,-16.1422,16.1422,1.0244e+07,0,1.0,node_load1,1.9738,7.7
2025-07-26 09:34:46,-16.1422,16.1422,1.0244e+07,0,1.0,/dev/sda5_/var_xfs_node_filesystem_free_bytes,1.7406,2897376444416.0
2025-07-26 09:34:46,-16.1422,16.1422,1.0244e+07,0,1.0,node_network_transmit_bytes_total,1.2915,416555963059.0
2025-07-26 09:34:46,-16.1422,16.1422,1.0244e+07,0,1.0,node_network_receive_bytes_total,1.2254,803627461947.0
2025-07-26 09:34:46,-16.1422,16.1422,1.0244e+07,0,1.0,/dev/sda3_/_xfs_node_filesystem_free_bytes,37.5376,37949083648.0
2025-07-26 09:34:46,-16.1422,16.1422,1.0244e+07,0,1.0,node_load1,1.9738,7.7
2025-07-26 09:34:46,-16.1422,16.1422,1.0244e+07,0,1.0,/dev/sda5_/var_xfs_node_filesystem_free_bytes,1.7406,2897376444416.0
2025-07-26 09:34:46,-16.1422,16.1422,1.0244e+07,0,1.0,node_network_transmit_bytes_total,1.2915,416555963059.0
2025-07-26 09:34:46,-16.1422,16.1422,1.0244e+07,0,1.0,node_network_receive_bytes_total,1.2254,803627461947.0
2025-07-26 09:34:46,-16.1422,16.1422,1.0244e+07,0,1.0,/dev/sda3_/_xfs_node_filesystem_free_bytes,37.5376,37949083648.0
2025-07-26 09:34:46,-16.1422,16.1422,1.0244e+07,0,1.0,node_load1,1.9738,7.7
2025-07-26 09:34:46,-16.1422,16.1422,1.0244e+07,0,1.0,/dev/sda5_/var_xfs_node_filesystem_free_bytes,1.7406,2897376444416.0
2025-07-26 09:34:46,-16.1422,16.1422,1.0244e+07,0,1.0,node_network_transmit_bytes_total,1.2915,416555963059.0
2025-07-26 09:34:46,-16.1422,16.1422,1.0244e+07,0,1.0,node_network_receive_bytes_total,1.2254,803627461947.0
2025-07-26 09:34:46,-16.1422,16.1422,1.0244e+07,0,1.0,/dev/sda3_/_xfs_node_filesystem_free_bytes,37.5376,37949083648.0
2025-07-26 09:34:46,-16.1422,16.1422,1.0244e+07,0,1.0,node_load1,1.9738,7.7
2025-07-26 09:34:46,-16.1422,16.1422,1.0244e+07,0,1.0,/dev/sda5_/var_xfs_node_filesystem_free_bytes,1.7406,2897376444416.0
2025-07-26 09:34:46,-16.1422,16.1422,1.0244e+07,0,1.0,node_network_transmit_bytes_total,1.2915,416555963059.0
2025-07-26 09:34:46,-16.1422,16.1422,1.0244e+07,0,1.0,node_network_receive_bytes_total,1.2254,803627461947.0
2025-07-26 09:34:46,-16.1422,16.1422,1.0244e+07,0,1.0,/dev/sda3_/_xfs_node_filesystem_free_bytes,37.5376,37949083648.0
2025-07-26 09:34:46,-16.1422,16.1422,1.0244e+07,0,1.0,node_load1,1.9738,7.7
2025-07-26 09:34:46,-16.1422,16.1422,1.0244e+07,0,1.0,/dev/sda5_/var_xfs_node_filesystem_free_bytes,1.7406,2897376444416.0
2025-07-26 09:34:46,-16.1422,16.1422,1.0244e+07,0,1.0,node_network_transmit_bytes_total,1.2915,416555963059.0
2025-07-26 09:34:46,-16.1422,16.1422,1.0244e+07,0,1.0,node_network_receive_bytes_total,1.2254,803627461947.0
2025-07-26 09:34:46,-16.1422,16.1422,1.0244e+07,0,1.0,/dev/sda3_/_xfs_node_filesystem_free_bytes,37.5376,37949083648.0
2025-07-26 09:34:46,-16.1422,16.1422,1.0244e+07,0,1.0,node_load1,1.9738,7.7
2025-07-26 09:34:46,-16.1422,16.1422,1.0244e+07,0,1.0,/dev/sda5_/var_xfs_node_filesystem_free_bytes,1.7406,2897376444416.0
2025-07-26 09:34:46,-16.1422,16.1422,1.0244e+07,0,1.0,node_network_transmit_bytes_total,1.2915,416555963059.0
2025-07-26 09:34:46,-16.1422,16.1422,1.0244e+07,0,1.0,node_network_receive_bytes_total,1.2254,803627461947.0
2025-07-26 09:34:46,-16.1422,16.1422,1.0244e+07,0,1.0,/dev/sda3_/_xfs_node_filesystem_free_bytes,37.5376,37949083648.0
2025-07-26 09:34:46,-16.1422,16.1422,1.0244e+07,0,1.0,node_load1,1.9738,7.7
2025-07-26 09:34:46,-16.1422,16.1422,1.0244e+07,0,1.0,/dev/sda5_/var_xfs_node_filesystem_free_bytes,1.7406,2897376444416.0
2025-07-26 09:34:46,-16.1422,16.1422,1.0244e+07,0,1.0,node_network_transmit_bytes_total,1.2915,416555963059.0
2025-07-26 09:34:46,-16.1422,16.1422,1.0244e+07,0,1.0,node_network_receive_bytes_total,1.2254,803627461947.0
2025-07-26 09:34:46,-16.1422,16.1422,1.0244e+07,0,1.0,/dev/sda3_/_xfs_node_filesystem_free_bytes,37.5376,37949083648.0
2025-07-26 09:34:46,-16.1422,16.1422,1.0244e+07,0,1.0,node_load1,1.9738,7.7
2025-07-26 09:34:46,-16.1422,16.1422,1.0244e+07,0,1.0,/dev/sda5_/var_xfs_node_filesystem_free_bytes,1.7406,2897376444416.0
2025-07-26 09:34:46,-16.1422,16.1422,1.0244e+07,0,1.0,node_network_transmit_bytes_total,1.2915,416555963059.0
2025-07-26 09:34:46,-16.1422,16.1422,1.0244e+07,0,1.0,node_network_receive_bytes_total,1.2254,803627461947.0
2025-07-27 08:44:24,765.7078,-765.7078,0.0000e+00,0,1.0,node_load1,1.919,7.6
2025-07-27 08:44:24,765.7078,-765.7078,0.0000e+00,0,1.0,node_sockstat_sockets_used,1.4668,12360.0
2025-07-27 08:44:24,765.7078,-765.7078,0.0000e+00,0,1.0,node_netstat_Tcp_CurrEstab,1.3192,801.0
2025-07-27 08:44:24,765.7078,-765.7078,0.0000e+00,0,1.0,node_network_transmit_bytes_total,1.126,416897940473.0
2025-07-27 08:44:24,765.7078,-765.7078,0.0000e+00,0,1.0,node_disk_written_bytes_total,0.7257,6402681684480.0
2025-07-27 08:44:56,906.3288,-906.3288,0.0000e+00,1,1.0,node_network_receive_bytes_total,2.8172,796621925299.0
2025-07-27 08:44:56,906.3288,-906.3288,0.0000e+00,1,1.0,node_disk_written_bytes_total,2.817,6357909351936.0
2025-07-27 08:44:56,906.3288,-906.3288,0.0000e+00,1,1.0,node_network_transmit_bytes_total,2.6258,415451352429.0
2025-07-27 08:44:56,906.3288,-906.3288,0.0000e+00,1,1.0,/dev/sda5_/var_xfs_node_filesystem_free_bytes,2.4518,2898387587072.0
2025-07-27 08:44:56,906.3288,-906.3288,0.0000e+00,1,1.0,node_load1,1.8093,6.25
2025-07-27 08:46:00,-37.681,37.681,2.3155e+16,4,1.0,tmpfs_/run/user/1002_tmpfs_node_filesystem_size_bytes,1.6548,0.0
2025-07-27 08:46:00,-37.681,37.681,2.3155e+16,4,1.0,tmpfs_/run/user/1002_tmpfs_node_filesystem_free_bytes,1.6548,0.0
2025-07-27 08:46:00,-37.681,37.681,2.3155e+16,4,1.0,node_memory_MemAvailable_bytes,1.1317,19683758080.0
2025-07-27 08:46:00,-37.681,37.681,2.3155e+16,4,1.0,node_network_transmit_bytes_total,0.7431,416823503937.0
2025-07-27 08:46:00,-37.681,37.681,2.3155e+16,4,1.0,node_sockstat_TCP_tw,0.7073,2140.0
2025-07-27 08:49:13,1455.3089,-1455.3089,0.0000e+00,0,1.0,sda_node_disk_read_bytes_total,8.6467,4657733632.0
2025-07-27 08:49:13,1455.3089,-1455.3089,0.0000e+00,0,1.0,node_network_receive_bytes_total,1.8078,799033093040.0
2025-07-27 08:49:13,1455.3089,-1455.3089,0.0000e+00,0,1.0,node_disk_written_bytes_total,1.7037,6368495690752.0
2025-07-27 08:49:13,1455.3089,-1455.3089,0.0000e+00,0,1.0,node_load1,1.0967,6.1
2025-07-27 08:49:13,1455.3089,-1455.3089,0.0000e+00,0,1.0,node_sockstat_sockets_used,0.5847,12203.0
2025-07-27 09:15:12,547.8955,-547.8955,1.1272e-238,0,1.0,node_network_receive_bytes_total,2.123,796546672802.0
2025-07-27 09:15:12,547.8955,-547.8955,1.1272e-238,0,1.0,node_memory_MemAvailable_bytes,2.0733,27534495744.0
2025-07-27 09:15:12,547.8955,-547.8955,1.1272e-238,0,1.0,node_disk_written_bytes_total,2.0175,6357524817920.0
2025-07-27 09:15:12,547.8955,-547.8955,1.1272e-238,0,1.0,node_network_transmit_bytes_total,1.8321,415438954299.0
2025-07-27 09:15:12,547.8955,-547.8955,1.1272e-238,0,1.0,node_sockstat_TCP_tw,1.1462,2210.0
2025-07-27 10:34:41,-49.9088,49.9088,4.7328e+21,0,1.0,node_load1,3.1578,9.86
2025-07-27 10:34:41,-49.9088,49.9088,4.7328e+21,0,1.0,/dev/sda5_/var_xfs_node_filesystem_free_bytes,1.6971,2897275887616.0
2025-07-27 10:34:41,-49.9088,49.9088,4.7328e+21,0,1.0,node_sockstat_TCP_tw,1.4032,2001.0
2025-07-27 10:34:41,-49.9088,49.9088,4.7328e+21,0,1.0,node_sockstat_sockets_used,1.2421,12320.0
2025-07-27 10:34:41,-49.9088,49.9088,4.7328e+21,0,1.0,node_netstat_Tcp_CurrEstab,1.1688,780.0
2025-07-27 10:35:45,-204.0855,204.0855,4.2974e+88,4,1.0,tmpfs_/run/user/1002_tmpfs_node_filesystem_size_bytes,1.6548,0.0
2025-07-27 10:35:45,-204.0855,204.0855,4.2974e+88,4,1.0,tmpfs_/run/user/1002_tmpfs_node_filesystem_free_bytes,1.6548,0.0
2025-07-27 10:35:45,-204.0855,204.0855,4.2974e+88,4,1.0,node_memory_MemAvailable_bytes,1.2856,19343446016.0
2025-07-27 10:35:45,-204.0855,204.0855,4.2974e+88,4,1.0,node_disk_written_bytes_total,1.253,6457627497472.0
2025-07-27 10:35:45,-204.0855,204.0855,4.2974e+88,4,1.0,node_network_transmit_bytes_total,1.2524,420946704883.0
2025-07-27 10:36:17,1198.1324,-1198.1324,0.0000e+00,1,1.0,node_load1,3.1413,8.68
2025-07-27 10:36:17,1198.1324,-1198.1324,0.0000e+00,1,1.0,node_disk_written_bytes_total,2.431,6371404199936.0
2025-07-27 10:36:17,1198.1324,-1198.1324,0.0000e+00,1,1.0,node_network_receive_bytes_total,2.4218,799740664524.0
2025-07-27 10:36:17,1198.1324,-1198.1324,0.0000e+00,1,1.0,node_network_transmit_bytes_total,2.3897,415939185233.0
2025-07-27 10:36:17,1198.1324,-1198.1324,0.0000e+00,1,1.0,/dev/sda5_/var_xfs_node_filesystem_free_bytes,2.2468,2897914052608.0
2025-07-27 10:38:26,2326.1543,-2326.1543,0.0000e+00,1,1.0,sda_node_disk_read_bytes_total,7.957,4204036096.0
2025-07-27 10:38:26,2326.1543,-2326.1543,0.0000e+00,1,1.0,node_memory_MemAvailable_bytes,3.1305,26547937280.0
2025-07-27 10:38:26,2326.1543,-2326.1543,0.0000e+00,1,1.0,node_load1,2.204,6.97
2025-07-27 10:38:26,2326.1543,-2326.1543,0.0000e+00,1,1.0,node_sockstat_TCP_tw,0.5281,2427.0
2025-07-27 10:38:26,2326.1543,-2326.1543,0.0000e+00,1,1.0,node_sockstat_sockets_used,0.5139,11804.0
2025-07-27 10:42:11,42894.4119,-42894.4119,0.0000e+00,1,1.0,node_load1,3.514,9.36
2025-07-27 10:42:11,42894.4119,-42894.4119,0.0000e+00,1,1.0,node_sockstat_sockets_used,2.7057,12377.0
2025-07-27 10:42:11,42894.4119,-42894.4119,0.0000e+00,1,1.0,node_netstat_Tcp_CurrEstab,2.6004,847.0
2025-07-27 10:42:11,42894.4119,-42894.4119,0.0000e+00,1,1.0,node_network_transmit_bytes_total,1.8691,417014956016.0
2025-07-27 10:42:11,42894.4119,-42894.4119,0.0000e+00,1,1.0,node_sockstat_TCP_tw,1.143,1927.0
2025-07-27 10:42:43,-12.2731,12.2731,2.1388e+05,0,1.0,/dev/sda3_/_xfs_node_filesystem_free_bytes,37.5376,37949083648.0
2025-07-27 10:42:43,-12.2731,12.2731,2.1388e+05,0,1.0,node_load1,2.7193,9.06
2025-07-27 10:42:43,-12.2731,12.2731,2.1388e+05,0,1.0,/dev/sda5_/var_xfs_node_filesystem_free_bytes,1.7406,2897376444416.0
2025-07-27 10:42:43,-12.2731,12.2731,2.1388e+05,0,1.0,node_netstat_Tcp_CurrEstab,1.5844,838.0
2025-07-27 10:42:43,-12.2731,12.2731,2.1388e+05,0,1.0,node_sockstat_sockets_used,1.3376,12337.0
2025-07-27 10:45:23,14379.1931,-14379.1931,0.0000e+00,4,1.0,sda_node_disk_read_bytes_total,21.0971,11145117696.0
2025-07-27 10:45:23,14379.1931,-14379.1931,0.0000e+00,4,1.0,node_network_receive_bytes_total,1.5475,797339781194.0
2025-07-27 10:45:23,14379.1931,-14379.1931,0.0000e+00,4,1.0,node_disk_written_bytes_total,1.511,6361011785216.0
2025-07-27 10:45:23,14379.1931,-14379.1931,0.0000e+00,4,1.0,/dev/sda5_/var_xfs_node_filesystem_free_bytes,1.4462,2898412867584.0
2025-07-27 10:45:23,14379.1931,-14379.1931,0.0000e+00,4,1.0,node_network_transmit_bytes_total,1.4451,415373054100.0
2025-07-27 11:18:52,235353.9431,-235353.9431,0.0000e+00,0,1.0,/dev/sda3_/_xfs_node_filesystem_free_bytes,37.5376,37949083648.0
2025-07-27 11:18:52,235353.9431,-235353.9431,0.0000e+00,0,1.0,tmpfs_/run/snapd/ns_tmpfs_node_filesystem_free_bytes,11.6988,6669295616.0
2025-07-27 11:18:52,235353.9431,-235353.9431,0.0000e+00,0,1.0,tmpfs_/run_tmpfs_node_filesystem_free_bytes,11.6988,6669295616.0
2025-07-27 11:18:52,235353.9431,-235353.9431,0.0000e+00,0,1.0,node_sockstat_sockets_used,3.5901,11460.0
2025-07-27 11:18:52,235353.9431,-235353.9431,0.0000e+00,0,1.0,node_load1,1.9738,7.7
2025-07-27 11:19:24,34.5138,-34.5138,1.0253e-15,0,1.0,/dev/sda3_/_xfs_node_filesystem_free_bytes,37.5376,37949083648.0
2025-07-27 11:19:24,34.5138,-34.5138,1.0253e-15,0,1.0,node_load1,1.9738,7.7
2025-07-27 11:19:24,34.5138,-34.5138,1.0253e-15,0,1.0,/dev/sda5_/var_xfs_node_filesystem_free_bytes,1.7406,2897376444416.0
2025-07-27 11:19:24,34.5138,-34.5138,1.0253e-15,0,1.0,node_network_transmit_bytes_total,1.2915,416555963059.0
2025-07-27 11:19:24,34.5138,-34.5138,1.0253e-15,0,1.0,node_disk_written_bytes_total,1.2649,6383834116608.0
2025-07-27 11:21:01,467.6025,-467.6025,8.3720e-204,0,1.0,node_sockstat_TCP_tw,1.1708,2190.0
2025-07-27 11:21:01,467.6025,-467.6025,8.3720e-204,0,1.0,node_network_receive_bytes_total,1.1258,804413264826.0
2025-07-27 11:21:01,467.6025,-467.6025,8.3720e-204,0,1.0,node_disk_written_bytes_total,1.0591,6391025847808.0
2025-07-27 11:21:01,467.6025,-467.6025,8.3720e-204,0,1.0,node_netstat_Tcp_CurrEstab,0.5382,692.0
2025-07-27 11:21:01,467.6025,-467.6025,8.3720e-204,0,1.0,node_sockstat_sockets_used,0.4105,12172.0
2025-07-28 10:15:49,906.156,-906.156,0.0000e+00,1,1.0,node_disk_written_bytes_total,2.8579,6356481310720.0
2025-07-28 10:15:49,906.156,-906.156,0.0000e+00,1,1.0,node_network_receive_bytes_total,2.8579,796301011242.0
2025-07-28 10:15:49,906.156,-906.156,0.0000e+00,1,1.0,node_network_transmit_bytes_total,2.6637,415373054100.0
2025-07-28 10:15:49,906.156,-906.156,0.0000e+00,1,1.0,/dev/sda5_/var_xfs_node_filesystem_free_bytes,2.4628,2898412867584.0
2025-07-28 10:15:49,906.156,-906.156,0.0000e+00,1,1.0,node_netstat_Tcp_CurrEstab,2.3282,809.0
2025-07-28 10:16:22,-189.6205,189.6205,2.2447e+82,2,1.0,node_load1,2.994,9.86
2025-07-28 10:16:22,-189.6205,189.6205,2.2447e+82,2,1.0,node_sockstat_sockets_used,1.4912,12320.0
2025-07-28 10:16:22,-189.6205,189.6205,2.2447e+82,2,1.0,node_netstat_Tcp_CurrEstab,1.2291,780.0
2025-07-28 10:16:22,-189.6205,189.6205,2.2447e+82,2,1.0,node_memory_MemAvailable_bytes,0.6417,24763990016.0
2025-07-28 10:16:22,-189.6205,189.6205,2.2447e+82,2,1.0,node_sockstat_TCP_tw,0.3071,2001.0
2025-07-28 18:16:33,12635.0347,-12635.0347,0.0000e+00,1,1.0,node_netstat_Tcp_CurrEstab,7.8311,1577.0
2025-07-28 18:16:33,12635.0347,-12635.0347,0.0000e+00,1,1.0,node_sockstat_sockets_used,6.7343,13094.0
2025-07-28 18:16:33,12635.0347,-12635.0347,0.0000e+00,1,1.0,node_sockstat_TCP_tw,3.7125,5875.0
2025-07-28 18:16:33,12635.0347,-12635.0347,0.0000e+00,1,1.0,/dev/sda3_/_xfs_node_filesystem_free_bytes,1.3997,37950881792.0
2025-07-28 18:16:33,12635.0347,-12635.0347,0.0000e+00,1,1.0,node_load1,1.2447,5.22
2025-07-28 18:17:06,-97.4781,97.4781,2.1587e+42,1,1.0,node_sockstat_TCP_tw,3.4223,5639.0
2025-07-28 18:17:06,-97.4781,97.4781,2.1587e+42,1,1.0,node_netstat_Tcp_CurrEstab,3.3241,948.0
2025-07-28 18:17:06,-97.4781,97.4781,2.1587e+42,1,1.0,node_sockstat_sockets_used,3.2844,12480.0
2025-07-28 18:17:06,-97.4781,97.4781,2.1587e+42,1,1.0,node_memory_MemAvailable_bytes,1.8913,23807877120.0
2025-07-28 18:17:06,-97.4781,97.4781,2.1587e+42,1,1.0,/dev/sda5_/var_xfs_node_filesystem_free_bytes,0.3797,2893601669120.0
2025-07-28 18:17:38,227.8511,-227.8511,1.1105e-99,1,1.0,node_load1,4.1335,10.49
2025-07-28 18:17:38,227.8511,-227.8511,1.1105e-99,1,1.0,node_memory_MemAvailable_bytes,2.1379,24353103872.0
2025-07-28 18:17:38,227.8511,-227.8511,1.1105e-99,1,1.0,node_sockstat_sockets_used,0.4975,11984.0
2025-07-28 18:17:38,227.8511,-227.8511,1.1105e-99,1,1.0,node_sockstat_TCP_tw,0.2096,2686.0
2025-07-28 18:17:38,227.8511,-227.8511,1.1105e-99,1,1.0,node_netstat_Tcp_CurrEstab,0.2073,513.0
2025-07-28 18:20:53,-200.8997,200.8997,1.7768e+87,0,1.0,node_load1,3.8594,11.14
2025-07-28 18:20:53,-200.8997,200.8997,1.7768e+87,0,1.0,node_netstat_Tcp_CurrEstab,1.4769,823.0
2025-07-28 18:20:53,-200.8997,200.8997,1.7768e+87,0,1.0,node_sockstat_sockets_used,1.4106,12350.0
2025-07-28 18:20:53,-200.8997,200.8997,1.7768e+87,0,1.0,node_network_transmit_bytes_total,1.0402,417075306121.0
2025-07-28 18:20:53,-200.8997,200.8997,1.7768e+87,0,1.0,node_memory_MemAvailable_bytes,0.8338,21106900992.0
2025-07-28 18:21:25,-202.2076,202.2076,6.5710e+87,4,1.0,node_memory_MemAvailable_bytes,2.419,27534495744.0
2025-07-28 18:21:25,-202.2076,202.2076,6.5710e+87,4,1.0,node_sockstat_TCP_tw,0.6212,2210.0
2025-07-28 18:21:25,-202.2076,202.2076,6.5710e+87,4,1.0,tmpfs_/run/user/1002_tmpfs_node_filesystem_size_bytes,0.6165,6713008128.0
2025-07-28 18:21:25,-202.2076,202.2076,6.5710e+87,4,1.0,tmpfs_/run/user/1002_tmpfs_node_filesystem_free_bytes,0.6165,6713004032.0
2025-07-28 18:21:25,-202.2076,202.2076,6.5710e+87,4,1.0,/dev/sda5_/var_xfs_node_filesystem_free_bytes,0.6029,2893679931392.0
2025-07-29 22:14:35,58558.6708,-58558.6708,0.0000e+00,1,1.0,node_network_transmit_bytes_total,1.9617,416823503937.0
2025-07-29 22:14:35,58558.6708,-58558.6708,0.0000e+00,1,1.0,node_sockstat_TCP_tw,0.8811,2140.0
2025-07-29 22:14:35,58558.6708,-58558.6708,0.0000e+00,1,1.0,node_netstat_Tcp_CurrEstab,0.7027,386.0
2025-07-29 22:14:35,58558.6708,-58558.6708,0.0000e+00,1,1.0,node_sockstat_sockets_used,0.4689,11812.0
2025-07-29 22:14:35,58558.6708,-58558.6708,0.0000e+00,1,1.0,node_load1,0.2682,2.46
2025-07-30 23:44:26,193.1672,-193.1672,1.2839e-84,0,0.9042,node_load1,2.8289,9.26
2025-07-30 23:44:26,193.1672,-193.1672,1.2839e-84,0,0.9042,node_netstat_Tcp_CurrEstab,1.5414,832.0
2025-07-30 23:44:26,193.1672,-193.1672,1.2839e-84,0,0.9042,/dev/sda5_/var_xfs_node_filesystem_free_bytes,1.4984,2896816975872.0
2025-07-30 23:44:26,193.1672,-193.1672,1.2839e-84,0,0.9042,node_sockstat_sockets_used,1.3376,12337.0
2025-07-30 23:44:26,193.1672,-193.1672,1.2839e-84,0,0.9042,node_sockstat_TCP_tw,1.2175,2152.0
2025-07-30 23:44:58,-56.2831,56.2831,2.7762e+24,0,1.0,node_netstat_Tcp_CurrEstab,5.9767,1451.0
2025-07-30 23:44:58,-56.2831,56.2831,2.7762e+24,0,1.0,node_sockstat_sockets_used,5.5966,13095.0
2025-07-30 23:44:58,-56.2831,56.2831,2.7762e+24,0,1.0,node_load1,3.7059,10.86
2025-07-30 23:44:58,-56.2831,56.2831,2.7762e+24,0,1.0,node_sockstat_TCP_tw,3.0415,5615.0
2025-07-30 23:44:58,-56.2831,56.2831,2.7762e+24,0,1.0,/dev/sda5_/var_xfs_node_filesystem_free_bytes,1.4897,2896796807168.0
2025-07-30 23:47:07,-48.3244,48.3244,9.7059e+20,2,1.0,sda_node_disk_read_bytes_total,20.9789,11145117696.0
2025-07-30 23:47:07,-48.3244,48.3244,9.7059e+20,2,1.0,node_netstat_Tcp_CurrEstab,0.5766,528.0
2025-07-30 23:47:07,-48.3244,48.3244,9.7059e+20,2,1.0,node_network_receive_bytes_total,0.4965,797339781194.0
2025-07-30 23:47:07,-48.3244,48.3244,9.7059e+20,2,1.0,node_memory_MemAvailable_bytes,0.4825,22278230016.0
2025-07-30 23:47:07,-48.3244,48.3244,9.7059e+20,2,1.0,node_disk_written_bytes_total,0.4739,6361011785216.0
2025-07-30 23:48:11,-205.1231,205.1231,1.2129e+89,0,1.0,node_load1,3.2236,9.98
2025-07-30 23:48:11,-205.1231,205.1231,1.2129e+89,0,1.0,node_netstat_Tcp_CurrEstab,1.8925,881.0
2025-07-30 23:48:11,-205.1231,205.1231,1.2129e+89,0,1.0,node_sockstat_sockets_used,1.641,12391.0
2025-07-30 23:48:11,-205.1231,205.1231,1.2129e+89,0,1.0,node_memory_MemAvailable_bytes,1.4794,19679305728.0
2025-07-30 23:48:11,-205.1231,205.1231,1.2129e+89,0,1.0,/dev/sda5_/var_xfs_node_filesystem_free_bytes,0.2914,2892683005952.0
2025-07-30 23:49:48,2363.4649,-2363.4649,0.0000e+00,1,1.0,sda_node_disk_read_bytes_total,7.957,4204036096.0
2025-07-30 23:49:48,2363.4649,-2363.4649,0.0000e+00,1,1.0,node_memory_MemAvailable_bytes,3.1305,26547937280.0
2025-07-30 23:49:48,2363.4649,-2363.4649,0.0000e+00,1,1.0,node_load1,2.204,6.97
2025-07-30 23:49:48,2363.4649,-2363.4649,0.0000e+00,1,1.0,node_sockstat_TCP_tw,0.5281,2427.0
2025-07-30 23:49:48,2363.4649,-2363.4649,0.0000e+00,1,1.0,node_sockstat_sockets_used,0.5139,11804.0
2025-07-30 23:50:20,-201.3416,201.3416,2.7641e+87,0,1.0,node_sockstat_TCP_tw,4.9072,7132.0
2025-07-30 23:50:20,-201.3416,201.3416,2.7641e+87,0,1.0,node_load1,1.7929,7.37
2025-07-30 23:50:20,-201.3416,201.3416,2.7641e+87,0,1.0,node_memory_MemAvailable_bytes,1.2589,20166987776.0
2025-07-30 23:50:20,-201.3416,201.3416,2.7641e+87,0,1.0,node_sockstat_sockets_used,0.8487,12250.0
2025-07-30 23:50:20,-201.3416,201.3416,2.7641e+87,0,1.0,node_netstat_Tcp_CurrEstab,0.5956,700.0
2025-07-30 23:51:56,-188.0539,188.0539,4.6857e+81,2,1.0,node_memory_MemAvailable_bytes,1.8948,27534495744.0
2025-07-30 23:51:56,-188.0539,188.0539,4.6857e+81,2,1.0,node_load1,1.0514,2.48
2025-07-30 23:51:56,-188.0539,188.0539,4.6857e+81,2,1.0,node_network_receive_bytes_total,0.597,796546672802.0
2025-07-30 23:51:56,-188.0539,188.0539,4.6857e+81,2,1.0,node_disk_written_bytes_total,0.5737,6357524817920.0
2025-07-30 23:51:56,-188.0539,188.0539,4.6857e+81,2,1.0,node_sockstat_sockets_used,0.4866,11968.0
2025-07-30 23:56:45,5761.7087,-5761.7087,0.0000e+00,1,1.0,node_network_transmit_bytes_total,1.9638,416819281694.0
2025-07-30 23:56:45,5761.7087,-5761.7087,0.0000e+00,1,1.0,node_disk_written_bytes_total,1.5971,6400553677312.0
2025-07-30 23:56:45,5761.7087,-5761.7087,0.0000e+00,1,1.0,node_network_receive_bytes_total,1.3151,808471388460.0
2025-07-30 23:56:45,5761.7087,-5761.7087,0.0000e+00,1,1.0,/dev/sda5_/var_xfs_node_filesystem_free_bytes,0.9009,2894805303296.0
2025-07-30 23:56:45,5761.7087,-5761.7087,0.0000e+00,1,1.0,node_sockstat_TCP_tw,0.8343,2178.0
2025-07-30 23:57:17,-201.5017,201.5017,3.2440e+87,0,1.0,node_netstat_Tcp_CurrEstab,6.8795,1577.0
2025-07-30 23:57:17,-201.5017,201.5017,3.2440e+87,0,1.0,node_sockstat_sockets_used,5.591,13094.0
2025-07-30 23:57:17,-201.5017,201.5017,3.2440e+87,0,1.0,node_sockstat_TCP_tw,3.3613,5875.0
2025-07-30 23:57:17,-201.5017,201.5017,3.2440e+87,0,1.0,/dev/sda3_/_xfs_node_filesystem_free_bytes,1.2869,37950881792.0
2025-07-30 23:57:17,-201.5017,201.5017,3.2440e+87,0,1.0,node_load1,0.6144,5.22
2025-07-30 23:57:49,-188.9676,188.9676,1.1683e+82,0,1.0,node_netstat_Tcp_CurrEstab,5.5252,1388.0
2025-07-30 23:57:49,-188.9676,188.9676,1.1683e+82,0,1.0,node_sockstat_sockets_used,4.8662,12965.0
2025-07-30 23:57:49,-188.9676,188.9676,1.1683e+82,0,1.0,node_sockstat_TCP_tw,3.4191,5922.0
2025-07-30 23:57:49,-188.9676,188.9676,1.1683e+82,0,1.0,node_network_transmit_bytes_total,0.5327,418123883602.0
2025-07-30 23:57:49,-188.9676,188.9676,1.1683e+82,0,1.0,node_memory_MemAvailable_bytes,0.5312,21776019456.0
2025-07-30 23:58:53,-168.3603,168.3603,1.3121e+73,2,1.0,sda_node_disk_read_bytes_total,7.7995,4204036096.0
2025-07-30 23:58:53,-168.3603,168.3603,1.3121e+73,2,1.0,node_memory_MemAvailable_bytes,1.4486,26547937280.0
2025-07-30 23:58:53,-168.3603,168.3603,1.3121e+73,2,1.0,node_load1,1.4098,6.97
2025-07-30 23:58:53,-168.3603,168.3603,1.3121e+73,2,1.0,node_sockstat_sockets_used,1.4081,11804.0
2025-07-30 23:58:53,-168.3603,168.3603,1.3121e+73,2,1.0,node_sockstat_TCP_tw,0.2168,2427.0
2025-07-31 00:00:30,593.7887,-593.7887,1.3208e-258,0,1.0,node_load1,3.3661,10.24
2025-07-31 00:00:30,593.7887,-593.7887,1.3208e-258,0,1.0,node_sockstat_sockets_used,1.7309,12407.0
2025-07-31 00:00:30,593.7887,-593.7887,1.3208e-258,0,1.0,/dev/sda5_/var_xfs_node_filesystem_free_bytes,1.557,2896952475648.0
2025-07-31 00:00:30,593.7887,-593.7887,1.3208e-258,0,1.0,node_netstat_Tcp_CurrEstab,1.5414,832.0
2025-07-31 00:00:30,593.7887,-593.7887,1.3208e-258,0,1.0,node_network_receive_bytes_total,1.0898,804697151574.0
2025-07-31 00:03:10,-202.1011,202.1011,5.9074e+87,0,1.0,node_load1,2.1985,8.11
2025-07-31 00:03:10,-202.1011,202.1011,5.9074e+87,0,1.0,node_sockstat_TCP_tw,1.0699,2272.0
2025-07-31 00:03:10,-202.1011,202.1011,5.9074e+87,0,1.0,node_memory_MemAvailable_bytes,0.7261,21345091584.0
2025-07-31 00:03:10,-202.1011,202.1011,5.9074e+87,0,1.0,node_sockstat_sockets_used,0.6408,12213.0
2025-07-31 00:03:10,-202.1011,202.1011,5.9074e+87,0,1.0,node_network_transmit_bytes_total,0.5946,417995882636.0
2025-07-31 00:03:42,-145.0832,145.0832,1.0206e+63,2,1.0,sda_node_disk_read_bytes_total,13.852,7391645696.0
2025-07-31 00:03:42,-145.0832,145.0832,1.0206e+63,2,1.0,node_load1,0.7795,5.82
2025-07-31 00:03:42,-145.0832,145.0832,1.0206e+63,2,1.0,node_memory_MemAvailable_bytes,0.4941,24437616640.0
2025-07-31 00:03:42,-145.0832,145.0832,1.0206e+63,2,1.0,node_sockstat_sockets_used,0.3742,11988.0
2025-07-31 00:03:42,-145.0832,145.0832,1.0206e+63,2,1.0,node_network_receive_bytes_total,0.1948,799720177059.0
2025-07-31 00:04:14,-27.4467,27.4467,8.3168e+11,0,1.0,node_netstat_Tcp_CurrEstab,5.7545,1420.0
2025-07-31 00:04:14,-27.4467,27.4467,8.3168e+11,0,1.0,node_sockstat_sockets_used,5.1302,13012.0
2025-07-31 00:04:14,-27.4467,27.4467,8.3168e+11,0,1.0,node_load1,3.3496,10.21
2025-07-31 00:04:14,-27.4467,27.4467,8.3168e+11,0,1.0,/dev/sda5_/var_xfs_node_filesystem_free_bytes,1.767,2897437339648.0
2025-07-31 00:04:14,-27.4467,27.4467,8.3168e+11,0,1.0,node_network_receive_bytes_total,1.3691,802493454445.0
2025-07-31 00:04:46,-205.7009,205.7009,2.1615e+89,0,1.0,sda_node_disk_read_bytes_total,5.9578,3241607168.0
2025-07-31 00:04:46,-205.7009,205.7009,2.1615e+89,0,1.0,node_load1,1.4859,6.81
2025-07-31 00:04:46,-205.7009,205.7009,2.1615e+89,0,1.0,node_memory_MemAvailable_bytes,1.4255,26102321152.0
2025-07-31 00:04:46,-205.7009,205.7009,2.1615e+89,0,1.0,node_sockstat_TCP_tw,1.1597,2199.0
2025-07-31 00:04:46,-205.7009,205.7009,2.1615e+89,0,1.0,node_netstat_Tcp_CurrEstab,0.6369,528.0
2025-07-31 00:06:55,-201.4456,201.4456,3.0671e+87,0,1.0,node_memory_MemAvailable_bytes,2.5241,28531310592.0
2025-07-31 00:06:55,-201.4456,201.4456,3.0671e+87,0,1.0,node_sockstat_TCP_tw,1.0995,2248.0
2025-07-31 00:06:55,-201.4456,201.4456,3.0671e+87,0,1.0,node_sockstat_sockets_used,0.7358,11968.0
2025-07-31 00:06:55,-201.4456,201.4456,3.0671e+87,0,1.0,node_netstat_Tcp_CurrEstab,0.4792,550.0
2025-07-31 00:06:55,-201.4456,201.4456,3.0671e+87,0,1.0,node_network_transmit_bytes_total,0.4382,418319166660.0
2025-07-31 15:32:46,-192.4092,192.4092,3.6498e+83,0,1.0,node_network_transmit_bytes_total,1.1684,416810351489.0
2025-07-31 15:32:46,-192.4092,192.4092,3.6498e+83,0,1.0,node_sockstat_TCP_tw,1.0736,2269.0
2025-07-31 15:32:46,-192.4092,192.4092,3.6498e+83,0,1.0,node_load1,0.904,2.45
2025-07-31 15:32:46,-192.4092,192.4092,3.6498e+83,0,1.0,/dev/sda5_/var_xfs_node_filesystem_free_bytes,0.8735,2895373709312.0
2025-07-31 15:32:46,-192.4092,192.4092,3.6498e+83,0,1.0,node_disk_written_bytes_total,0.8121,6399659896320.0
2025-07-31 15:33:50,7238.3816,-7238.3816,0.0000e+00,0,1.0,/dev/sda5_/var_xfs_node_filesystem_free_bytes,1.7643,2897431171072.0
2025-07-31 15:33:50,7238.3816,-7238.3816,0.0000e+00,0,1.0,node_sockstat_sockets_used,1.573,11819.0
2025-07-31 15:33:50,7238.3816,-7238.3816,0.0000e+00,0,1.0,node_netstat_Tcp_CurrEstab,1.5039,407.0
2025-07-31 15:33:50,7238.3816,-7238.3816,0.0000e+00,0,1.0,node_network_receive_bytes_total,1.3588,802574741053.0
2025-07-31 15:33:50,7238.3816,-7238.3816,0.0000e+00,0,1.0,node_sockstat_TCP_tw,1.2962,2088.0
2025-07-31 15:34:55,38.277,-38.277,2.3796e-17,0,1.0,node_load1,2.8837,9.36
2025-07-31 15:34:55,38.277,-38.277,2.3796e-17,0,1.0,/dev/sda5_/var_xfs_node_filesystem_free_bytes,1.9144,2897777971200.0
2025-07-31 15:34:55,38.277,-38.277,2.3796e-17,0,1.0,node_network_receive_bytes_total,1.649,800285241313.0
2025-07-31 15:34:55,38.277,-38.277,2.3796e-17,0,1.0,node_netstat_Tcp_CurrEstab,1.6488,847.0
2025-07-31 15:34:55,38.277,-38.277,2.3796e-17,0,1.0,node_sockstat_sockets_used,1.5623,12377.0
2025-07-31 15:38:40,463.2153,-463.2153,6.7322e-202,4,1.0,node_load1,3.4577,10.24
2025-07-31 15:38:40,463.2153,-463.2153,6.7322e-202,4,1.0,node_sockstat_sockets_used,2.0893,12407.0
2025-07-31 15:38:40,463.2153,-463.2153,6.7322e-202,4,1.0,node_netstat_Tcp_CurrEstab,1.844,832.0
2025-07-31 15:38:40,463.2153,-463.2153,6.7322e-202,4,1.0,/dev/sda5_/var_xfs_node_filesystem_free_bytes,0.9946,2897369718784.0
2025-07-31 15:38:40,463.2153,-463.2153,6.7322e-202,4,1.0,node_network_receive_bytes_total,0.8374,802941336049.0
2025-07-31 15:39:12,-200.7333,200.7333,1.5045e+87,2,1.0,sda_node_disk_read_bytes_total,6.6767,3612692480.0
2025-07-31 15:39:12,-200.7333,200.7333,1.5045e+87,2,1.0,node_load1,2.3527,8.69
2025-07-31 15:39:12,-200.7333,200.7333,1.5045e+87,2,1.0,node_netstat_Tcp_CurrEstab,0.7132,708.0
2025-07-31 15:39:12,-200.7333,200.7333,1.5045e+87,2,1.0,node_network_receive_bytes_total,0.4599,797628782567.0
2025-07-31 15:39:12,-200.7333,200.7333,1.5045e+87,2,1.0,node_disk_written_bytes_total,0.439,6362232137216.0
2025-07-31 15:40:16,836.786,-836.786,0.0000e+00,0,1.0,node_load1,7.5266,17.83
2025-07-31 15:40:16,836.786,-836.786,0.0000e+00,0,1.0,node_network_receive_bytes_total,1.7299,799647205862.0
2025-07-31 15:40:16,836.786,-836.786,0.0000e+00,0,1.0,node_disk_written_bytes_total,1.6335,6370947223040.0
2025-07-31 15:40:16,836.786,-836.786,0.0000e+00,0,1.0,node_memory_MemAvailable_bytes,0.7002,24498552832.0
2025-07-31 15:40:16,836.786,-836.786,0.0000e+00,0,1.0,node_netstat_Tcp_CurrEstab,0.4792,550.0
2025-07-31 15:41:20,472.3375,-472.3375,7.3521e-206,0,1.0,node_memory_MemAvailable_bytes,2.0733,27534495744.0
2025-07-31 15:41:20,472.3375,-472.3375,7.3521e-206,0,1.0,node_network_receive_bytes_total,2.0352,797238820905.0
2025-07-31 15:41:20,472.3375,-472.3375,7.3521e-206,0,1.0,node_disk_written_bytes_total,1.9358,6360382051328.0
2025-07-31 15:41:20,472.3375,-472.3375,7.3521e-206,0,1.0,node_network_transmit_bytes_total,1.7873,415531475949.0
2025-07-31 15:41:20,472.3375,-472.3375,7.3521e-206,0,1.0,node_sockstat_TCP_tw,1.1462,2210.0
2025-07-31 15:42:56,514.4009,-514.4009,3.9675e-224,0,1.0,/dev/sda3_/_xfs_node_filesystem_free_bytes,37.5376,37949083648.0
2025-07-31 15:42:56,514.4009,-514.4009,3.9675e-224,0,1.0,node_load1,1.9738,7.7
2025-07-31 15:42:56,514.4009,-514.4009,3.9675e-224,0,1.0,/dev/sda5_/var_xfs_node_filesystem_free_bytes,1.7406,2897376444416.0
2025-07-31 15:42:56,514.4009,-514.4009,3.9675e-224,0,1.0,node_network_transmit_bytes_total,1.2915,416555963059.0
2025-07-31 15:42:56,514.4009,-514.4009,3.9675e-224,0,1.0,node_disk_written_bytes_total,1.2649,6383834116608.0
2025-07-31 15:44:00,187.5601,-187.5601,3.4969e-82,2,1.0,sda_node_disk_read_bytes_total,8.661,4657733632.0
2025-07-31 15:44:00,187.5601,-187.5601,3.4969e-82,2,1.0,node_memory_MemAvailable_bytes,1.829,19301072896.0
2025-07-31 15:44:00,187.5601,-187.5601,3.4969e-82,2,1.0,node_load1,0.9329,6.1
2025-07-31 15:44:00,187.5601,-187.5601,3.4969e-82,2,1.0,node_sockstat_sockets_used,0.8338,12203.0
2025-07-31 15:44:00,187.5601,-187.5601,3.4969e-82,2,1.0,node_netstat_Tcp_CurrEstab,0.6558,700.0
2025-07-31 15:47:45,-52.4452,52.4452,5.9793e+22,2,1.0,node_sockstat_TCP_tw,2.6077,4371.0
2025-07-31 15:47:45,-52.4452,52.4452,5.9793e+22,2,1.0,node_netstat_Tcp_CurrEstab,2.5403,963.0
2025-07-31 15:47:45,-52.4452,52.4452,5.9793e+22,2,1.0,node_sockstat_sockets_used,1.9913,12409.0
2025-07-31 15:47:45,-52.4452,52.4452,5.9793e+22,2,1.0,node_load1,1.0152,6.25
2025-07-31 15:47:45,-52.4452,52.4452,5.9793e+22,2,1.0,node_network_receive_bytes_total,0.5875,796621925299.0
2025-07-31 15:49:21,-182.1166,182.1166,1.2367e+79,0,1.0,node_sockstat_TCP_tw,1.2003,2166.0
2025-07-31 15:49:21,-182.1166,182.1166,1.2367e+79,0,1.0,node_network_transmit_bytes_total,1.1726,416801648812.0
2025-07-31 15:49:21,-182.1166,182.1166,1.2367e+79,0,1.0,/dev/sda5_/var_xfs_node_filesystem_free_bytes,1.0142,2895698698240.0
2025-07-31 15:49:21,-182.1166,182.1166,1.2367e+79,0,1.0,node_disk_written_bytes_total,0.8299,6399036811776.0
2025-07-31 15:49:21,-182.1166,182.1166,1.2367e+79,0,1.0,node_network_receive_bytes_total,0.7365,807484192803.0
2025-07-31 15:52:34,199.0066,-199.0066,3.7369e-87,0,1.0,node_load1,1.5353,6.9
2025-07-31 15:52:34,199.0066,-199.0066,3.7369e-87,0,1.0,node_network_receive_bytes_total,1.4016,802237124188.0
2025-07-31 15:52:34,199.0066,-199.0066,3.7369e-87,0,1.0,node_network_transmit_bytes_total,1.391,416350313836.0
2025-07-31 15:52:34,199.0066,-199.0066,3.7369e-87,0,1.0,node_memory_MemAvailable_bytes,1.338,19992010752.0
2025-07-31 15:52:34,199.0066,-199.0066,3.7369e-87,0,1.0,node_sockstat_TCP_tw,1.3332,4226.0
2025-07-31 15:53:06,17.6759,-17.6759,2.1061e-08,0,1.0,node_sockstat_TCP_tw,3.2186,5759.0
2025-07-31 15:53:06,17.6759,-17.6759,2.1061e-08,0,1.0,/dev/sda5_/var_xfs_node_filesystem_free_bytes,1.5428,2896919547904.0
2025-07-31 15:53:06,17.6759,-17.6759,2.1061e-08,0,1.0,node_network_transmit_bytes_total,1.2247,416694016495.0
2025-07-31 15:53:06,17.6759,-17.6759,2.1061e-08,0,1.0,node_load1,0.8328,2.58
2025-07-31 15:53:06,17.6759,-17.6759,2.1061e-08,0,1.0,node_sockstat_sockets_used,0.7532,12233.0
2025-07-31 15:53:38,-192.0396,192.0396,2.5220e+83,0,1.0,node_load1,1.8916,7.55
2025-07-31 15:53:38,-192.0396,192.0396,2.5220e+83,0,1.0,node_memory_MemAvailable_bytes,1.3676,19926515712.0
2025-07-31 15:53:38,-192.0396,192.0396,2.5220e+83,0,1.0,node_netstat_Tcp_CurrEstab,1.1544,778.0
2025-07-31 15:53:38,-192.0396,192.0396,2.5220e+83,0,1.0,node_sockstat_TCP_tw,0.7773,3774.0
2025-07-31 15:53:38,-192.0396,192.0396,2.5220e+83,0,1.0,node_sockstat_sockets_used,0.4835,12185.0
2025-08-04 08:55:22,83213.0971,-83213.0971,0.0000e+00,1,1.0,sda_node_disk_read_bytes_total,6.8342,3612692480.0
2025-08-04 08:55:22,83213.0971,-83213.0971,0.0000e+00,1,1.0,node_load1,3.1468,8.69
2025-08-04 08:55:22,83213.0971,-83213.0971,0.0000e+00,1,1.0,node_disk_written_bytes_total,2.6934,6362232137216.0
2025-08-04 08:55:22,83213.0971,-83213.0971,0.0000e+00,1,1.0,node_network_receive_bytes_total,2.6896,797628782567.0
2025-08-04 08:55:22,83213.0971,-83213.0971,0.0000e+00,1,1.0,node_netstat_Tcp_CurrEstab,1.6045,708.0
2025-08-04 08:55:55,-198.5548,198.5548,1.7031e+86,0,1.0,sda_node_disk_read_bytes_total,7.7853,4204036096.0
2025-08-04 08:55:55,-198.5548,198.5548,1.7031e+86,0,1.0,node_memory_MemAvailable_bytes,1.6271,26547937280.0
2025-08-04 08:55:55,-198.5548,198.5548,1.7031e+86,0,1.0,node_load1,1.5736,6.97
2025-08-04 08:55:55,-198.5548,198.5548,1.7031e+86,0,1.0,node_sockstat_TCP_tw,0.8793,2427.0
2025-08-04 08:55:55,-198.5548,198.5548,1.7031e+86,0,1.0,node_netstat_Tcp_CurrEstab,0.6369,528.0
2025-08-04 08:56:59,178139.8329,-178139.8329,0.0000e+00,1,1.0,node_netstat_Tcp_CurrEstab,6.7061,1420.0
2025-08-04 08:56:59,178139.8329,-178139.8329,0.0000e+00,1,1.0,node_sockstat_sockets_used,6.2736,13012.0
2025-08-04 08:56:59,178139.8329,-178139.8329,0.0000e+00,1,1.0,node_load1,3.98,10.21
2025-08-04 08:56:59,178139.8329,-178139.8329,0.0000e+00,1,1.0,node_network_receive_bytes_total,2.0729,802493454445.0
2025-08-04 08:56:59,178139.8329,-178139.8329,0.0000e+00,1,1.0,/dev/sda5_/var_xfs_node_filesystem_free_bytes,2.0404,2897437339648.0
2025-08-04 08:58:03,164.95,-164.95,2.3074e-72,0,1.0,node_load1,3.8594,11.14
2025-08-04 08:58:03,164.95,-164.95,2.3074e-72,0,1.0,/dev/sda5_/var_xfs_node_filesystem_free_bytes,1.9732,2897913556992.0
2025-08-04 08:58:03,164.95,-164.95,2.3074e-72,0,1.0,node_network_receive_bytes_total,1.838,798794336993.0
2025-08-04 08:58:03,164.95,-164.95,2.3074e-72,0,1.0,node_disk_written_bytes_total,1.732,6367505306624.0
2025-08-04 08:58:03,164.95,-164.95,2.3074e-72,0,1.0,node_netstat_Tcp_CurrEstab,1.4769,823.0
2025-08-04 09:01:48,-11.4107,11.4107,9.0287e+04,0,1.0,node_sockstat_sockets_used,1.573,11819.0
2025-08-04 09:01:48,-11.4107,11.4107,9.0287e+04,0,1.0,node_netstat_Tcp_CurrEstab,1.5039,407.0
2025-08-04 09:01:48,-11.4107,11.4107,9.0287e+04,0,1.0,node_network_transmit_bytes_total,0.4983,420254197590.0
2025-08-04 09:01:48,-11.4107,11.4107,9.0287e+04,0,1.0,node_disk_written_bytes_total,0.4892,6445149327360.0
2025-08-04 09:01:48,-11.4107,11.4107,9.0287e+04,0,1.0,node_memory_MemAvailable_bytes,0.4885,24030564352.0
2025-08-04 09:03:56,-159.5181,159.5181,1.8960e+69,0,1.0,node_netstat_Tcp_CurrEstab,5.6972,1412.0
2025-08-04 09:03:56,-159.5181,159.5181,1.8960e+69,0,1.0,node_sockstat_sockets_used,5.2314,13030.0
2025-08-04 09:03:56,-159.5181,159.5181,1.8960e+69,0,1.0,node_load1,3.8868,11.19
2025-08-04 09:03:56,-159.5181,159.5181,1.8960e+69,0,1.0,node_sockstat_TCP_tw,3.4154,5919.0
2025-08-04 09:03:56,-159.5181,159.5181,1.8960e+69,0,1.0,node_network_transmit_bytes_total,0.7756,417621849329.0
2025-08-04 09:04:28,-187.6847,187.6847,3.2391e+81,0,1.0,node_sockstat_sockets_used,1.2308,12318.0
2025-08-04 09:04:28,-187.6847,187.6847,3.2391e+81,0,1.0,node_sockstat_TCP_tw,1.1856,2178.0
2025-08-04 09:04:28,-187.6847,187.6847,3.2391e+81,0,1.0,node_network_transmit_bytes_total,1.1641,416819281694.0
2025-08-04 09:04:28,-187.6847,187.6847,3.2391e+81,0,1.0,node_load1,0.9808,2.31
2025-08-04 09:04:28,-187.6847,187.6847,3.2391e+81,0,1.0,node_disk_written_bytes_total,0.7865,6400553677312.0
2025-08-04 09:08:13,5430751.3055,-5430751.3055,0.0000e+00,0,1.0,/dev/sda3_/_xfs_node_filesystem_free_bytes,37.5376,37949083648.0
2025-08-04 09:08:13,5430751.3055,-5430751.3055,0.0000e+00,0,1.0,tmpfs_/run/snapd/ns_tmpfs_node_filesystem_free_bytes,11.6988,6669295616.0
2025-08-04 09:08:13,5430751.3055,-5430751.3055,0.0000e+00,0,1.0,tmpfs_/run_tmpfs_node_filesystem_free_bytes,11.6988,6669295616.0
2025-08-04 09:08:13,5430751.3055,-5430751.3055,0.0000e+00,0,1.0,node_sockstat_sockets_used,3.5901,11460.0
2025-08-04 09:08:13,5430751.3055,-5430751.3055,0.0000e+00,0,1.0,tmpfs_/run/user/1002_tmpfs_node_filesystem_size_bytes,2.2713,0.0
2025-08-04 09:09:50,227923.749,-227923.749,0.0000e+00,1,1.0,node_netstat_Tcp_CurrEstab,6.7061,1420.0
2025-08-04 09:09:50,227923.749,-227923.749,0.0000e+00,1,1.0,node_sockstat_sockets_used,6.2736,13012.0
2025-08-04 09:09:50,227923.749,-227923.749,0.0000e+00,1,1.0,node_load1,3.98,10.21
2025-08-04 09:09:50,227923.749,-227923.749,0.0000e+00,1,1.0,node_network_receive_bytes_total,2.0729,802493454445.0
2025-08-04 09:09:50,227923.749,-227923.749,0.0000e+00,1,1.0,/dev/sda5_/var_xfs_node_filesystem_free_bytes,2.0404,2897437339648.0
2025-08-04 09:10:54,-184.7721,184.7721,1.7600e+80,2,1.0,sda_node_disk_read_bytes_total,7.7995,4204036096.0
2025-08-04 09:10:54,-184.7721,184.7721,1.7600e+80,2,1.0,node_memory_MemAvailable_bytes,1.4486,26547937280.0
2025-08-04 09:10:54,-184.7721,184.7721,1.7600e+80,2,1.0,node_load1,1.4098,6.97
2025-08-04 09:10:54,-184.7721,184.7721,1.7600e+80,2,1.0,node_sockstat_sockets_used,1.4081,11804.0
2025-08-04 09:10:54,-184.7721,184.7721,1.7600e+80,2,1.0,node_netstat_Tcp_CurrEstab,0.4404,547.0
2025-08-04 09:11:58,970.8508,-970.8508,0.0000e+00,0,1.0,node_load1,4.1171,11.61
2025-08-04 09:11:58,970.8508,-970.8508,0.0000e+00,0,1.0,node_netstat_Tcp_CurrEstab,1.6488,847.0
2025-08-04 09:11:58,970.8508,-970.8508,0.0000e+00,0,1.0,node_sockstat_TCP_tw,1.1929,2172.0
2025-08-04 09:11:58,970.8508,-970.8508,0.0000e+00,0,1.0,node_sockstat_sockets_used,1.0791,12291.0
2025-08-04 09:11:58,970.8508,-970.8508,0.0000e+00,0,1.0,node_network_transmit_bytes_total,0.5401,418108615994.0
2025-08-04 09:13:03,2426.0185,-2426.0185,0.0000e+00,0,1.0,node_netstat_Tcp_CurrEstab,2.48,963.0
2025-08-04 09:13:03,2426.0185,-2426.0185,0.0000e+00,0,1.0,node_network_receive_bytes_total,2.1134,796621925299.0
2025-08-04 09:13:03,2426.0185,-2426.0185,0.0000e+00,0,1.0,node_sockstat_sockets_used,1.7421,12409.0
2025-08-04 09:13:03,2426.0185,-2426.0185,0.0000e+00,0,1.0,/dev/sda5_/var_xfs_node_filesystem_free_bytes,1.7391,2897372962816.0
2025-08-04 09:13:03,2426.0185,-2426.0185,0.0000e+00,0,1.0,node_sockstat_TCP_tw,1.5116,4371.0
2025-08-04 09:13:35,638.9537,-638.9537,3.2059e-278,0,1.0,node_load1,3.2236,9.98
2025-08-04 09:13:35,638.9537,-638.9537,3.2059e-278,0,1.0,node_network_receive_bytes_total,2.0582,797057869299.0
2025-08-04 09:13:35,638.9537,-638.9537,3.2059e-278,0,1.0,node_disk_written_bytes_total,1.9531,6359775959552.0
2025-08-04 09:13:35,638.9537,-638.9537,3.2059e-278,0,1.0,node_netstat_Tcp_CurrEstab,1.8925,881.0
2025-08-04 09:13:35,638.9537,-638.9537,3.2059e-278,0,1.0,node_network_transmit_bytes_total,1.7985,415508269464.0
2025-08-04 09:16:48,-185.3893,185.3893,3.2625e+80,0,1.0,node_sockstat_TCP_tw,1.2003,2166.0
2025-08-04 09:16:48,-185.3893,185.3893,3.2625e+80,0,1.0,node_network_transmit_bytes_total,1.1726,416801648812.0
2025-08-04 09:16:48,-185.3893,185.3893,3.2625e+80,0,1.0,node_sockstat_sockets_used,1.0167,11918.0
2025-08-04 09:16:48,-185.3893,185.3893,3.2625e+80,0,1.0,/dev/sda5_/var_xfs_node_filesystem_free_bytes,1.0142,2895698698240.0
2025-08-04 09:16:48,-185.3893,185.3893,3.2625e+80,0,1.0,node_netstat_Tcp_CurrEstab,0.9091,490.0
2025-08-04 09:18:24,12571.0192,-12571.0192,0.0000e+00,1,1.0,node_netstat_Tcp_CurrEstab,7.8311,1577.0
2025-08-04 09:18:24,12571.0192,-12571.0192,0.0000e+00,1,1.0,node_sockstat_sockets_used,6.7343,13094.0
2025-08-04 09:18:24,12571.0192,-12571.0192,0.0000e+00,1,1.0,node_sockstat_TCP_tw,3.7125,5875.0
2025-08-04 09:18:24,12571.0192,-12571.0192,0.0000e+00,1,1.0,/dev/sda3_/_xfs_node_filesystem_free_bytes,1.3997,37950881792.0
2025-08-04 09:18:24,12571.0192,-12571.0192,0.0000e+00,1,1.0,node_load1,1.2447,5.22
2025-08-04 09:21:37,35136.2166,-35136.2166,0.0000e+00,1,1.0,node_load1,4.4897,11.14
2025-08-04 09:21:37,35136.2166,-35136.2166,0.0000e+00,1,1.0,node_sockstat_sockets_used,2.554,12350.0
2025-08-04 09:21:37,35136.2166,-35136.2166,0.0000e+00,1,1.0,node_netstat_Tcp_CurrEstab,2.4285,823.0
2025-08-04 09:21:37,35136.2166,-35136.2166,0.0000e+00,1,1.0,node_network_transmit_bytes_total,1.8399,417075306121.0
2025-08-04 09:21:37,35136.2166,-35136.2166,0.0000e+00,1,1.0,node_memory_MemAvailable_bytes,0.6697,21106900992.0
